head_n,glyph,espanol,zan_k,zan_name,zanci,ceci,fuente,espanol_apreciacion,espanol_comentario
1,中,Centro,0,首辭,陽氣潛萌於黃宮信無不在乎中,,CHANT/TLS 四部叢刊 (Kanripo KR3g0001),"El aliento yang germina oculto en el Palacio Amarillo; en verdad, nada hay que no esté en el centro.",
1,中,Centro,1,初一,昆侖旁薄幽,昆侖旁薄思諸貞也,CHANT/TLS 四部叢刊 (Kanripo KR3g0001),El caos primordial (Kūnlún) se extiende vasto y oscuro.,El caos vasto: el pensamiento se asienta en lo recto.
1,中,Centro,2,次二,神戰于玄其陳陰陽,神戰于玄善惡并也,CHANT/TLS 四部叢刊 (Kanripo KR3g0001),Los espíritus combaten en el Misterio; su formación es Yin y Yang.,Combaten en el Misterio: el bien y el mal van juntos.
1,中,Centro,3,次三,龍出于中首尾信可以為庸,龍出于中見其造也,CHANT/TLS 四部叢刊 (Kanripo KR3g0001),El dragón surge del centro; cabeza y cola son fiables: puede servir de norma.,El dragón surge del centro: se ve su obra creadora.
1,中,Centro,4,次四,庳虛無因大受性命否,庳虛之否不能大受也,CHANT/TLS 四部叢刊 (Kanripo KR3g0001),"El granero está vacío, sin fundamento; ¿recibir en grande la naturaleza y el destino? No.",Granero vacío y cerrado: no puede recibir en grande.
1,中,Centro,5,次五,日正于天利以其辰作主,日正于天貴當位也,CHANT/TLS 四部叢刊 (Kanripo KR3g0001),"El sol se yergue recto en el cielo; conviene, por su hora, hacerse dueño.",El sol recto en el cielo: lo noble ocupa su justo lugar.
1,中,Centro,6,次六,月闕其摶不如開明于西,月闕其摶明始退也,CHANT/TLS 四部叢刊 (Kanripo KR3g0001),La luna mengua de su plenitud; no iguala a la claridad que se abre en el poniente.,La luna mengua: la luz empieza a retirarse.
1,中,Centro,7,次七,酋酋火魁頤水包貞,酋酋之包任臣則也,CHANT/TLS 四部叢刊 (Kanripo KR3g0001),"Maduro y pleno, el gran cucharón; la boca nutre, el agua envuelve, y hay rectitud. [verso oscuro]",Ese envolver maduro: encomendar a los ministros es la norma.
1,中,Centro,8,次八,黃不黃覆秋常,黃不黃失中德也,CHANT/TLS 四部叢刊 (Kanripo KR3g0001),Amarillo y no amarillo; trastorna el otoño. [verso oscuro],"El corazón que vuelve, cerrado: el centro no es indulgente."
1,中,Centro,9,上九,顛靈氣形反,顛靈之反時不克也,CHANT/TLS 四部叢刊 (Kanripo KR3g0001),En la cima el numen; aliento y forma se invierten.,La inversión del numen en la cima: el momento no da fruto.
2,周,Círculo Completo,0,首辭,陽氣周神而反乎始物繼其彙,,CHANT/TLS 四部叢刊 (Kanripo KR3g0001),El aliento yang rodea al numen y vuelve al comienzo; los seres continúan según su especie.,
2,周,Círculo Completo,1,初一,還於天心何德之僭否,還心之否中不恕也,CHANT/TLS 四部叢刊 (Kanripo KR3g0001),Retorno al corazón del Cielo: ¿qué virtud osaría usurparlo? No.,El «no» del corazón que retorna: el centro no es indulgente.
2,周,Círculo Completo,2,次二,植中樞周無隅,植中樞立督慮也,CHANT/TLS 四部叢刊 (Kanripo KR3g0001),Se planta el eje central; el círculo no tiene esquinas.,Plantar el eje central: se establece la vigilancia y la previsión.
2,周,Círculo Completo,3,次三,出我入我吉凶之魁,出我入我不可不懼也,CHANT/TLS 四部叢刊 (Kanripo KR3g0001),"Sale de mí, entra en mí: es el jefe de la fortuna y del infortunio.",Sale de mí y entra en mí: no cabe sino el temor.
2,周,Círculo Completo,4,次四,帶其鉤鞶錘以玉鐶,帶其鉤鞶自約束也,CHANT/TLS 四部叢刊 (Kanripo KR3g0001),"Ciñe su hebilla y su faja, lastradas con un anillo de jade.",Ceñir hebilla y faja: se impone a sí mismo la mesura.
2,周,Círculo Completo,5,次五,土中其廬設于金輿厥戒渝,廬金戒渝小人不克也,CHANT/TLS 四部叢刊 (Kanripo KR3g0001),"En medio de la tierra, su choza; asentada sobre un carro de metal: su cautela flaquea.","Choza sobre metal, cautela que flaquea: el hombre pequeño no puede con ello."
2,周,Círculo Completo,6,次六,信周其誠上亨于天,信周其誠上通也,CHANT/TLS 四部叢刊 (Kanripo KR3g0001),La confianza rodea su sinceridad y asciende en comunión con el Cielo.,La confianza que rodea su sinceridad: penetra hasta lo alto.
2,周,Círculo Completo,7,次七,豐淫見其朋還于蒙不克從,豐淫見朋不能從也,CHANT/TLS 四部叢刊 (Kanripo KR3g0001),"Desbordamiento y exceso muestran a los suyos; al volver a la tiniebla, no logra seguirlos.",Exceso que muestra a los suyos: no puede seguirlos.
2,周,Círculo Completo,8,次八,還遇躬外其禍不大,還遇躬外禍不中也,CHANT/TLS 四部叢刊 (Kanripo KR3g0001),Al volver lo encuentra; mantiene el cuerpo afuera: el daño no es grande.,Mantener el cuerpo afuera: el daño no da en el centro.
2,周,Círculo Completo,9,上九,還于喪或棄之行,還于喪其道窮也,CHANT/TLS 四部叢刊 (Kanripo KR3g0001),Retorno hacia la pérdida; alguno abandona la marcha.,Retorno hacia la pérdida: su camino se agota.
3,礥,Atascado,0,首辭,陽氣微動動而礥礥物生之難也,,CHANT/TLS 四部叢刊 (Kanripo KR3g0001),"El aliento yang se mueve apenas; al moverse, con dificultad: es lo arduo del nacer de los seres.",
3,礥,Atascado,1,初一,黃純于潛不見其畛藏鬱於泉,黃純于潛化在嘖也,CHANT/TLS 四部叢刊 (Kanripo KR3g0001),"Amarillo puro en lo hundido; no se ven sus lindes; atesora, denso, en el hondón.",Amarillo puro en lo hundido: la transformación obra en lo profundo.
3,礥,Atascado,2,次二,黃不純屈于根,黃不純失中適也,CHANT/TLS 四部叢刊 (Kanripo KR3g0001),Amarillo no puro: se dobla en la raíz.,Amarillo no puro: pierde el justo temple del centro.
3,礥,Atascado,3,次三,赤子扶扶元貞有終,赤子扶扶父母瞻也,CHANT/TLS 四部叢刊 (Kanripo KR3g0001),El niño de pecho gatea y gatea; la rectitud primordial tiene su cumplimiento.,El niño que gatea: padre y madre lo velan.
3,礥,Atascado,4,次四,拔我不德以力不克,拔我不德力不堪也,CHANT/TLS 四部叢刊 (Kanripo KR3g0001),"Sacarme sin virtud, sólo a la fuerza, no lo logra.",Sacarme sin virtud: la fuerza no basta.
3,礥,Atascado,5,次五,拔車山淵宜於大人,拔車山淵大位力也,CHANT/TLS 四部叢刊 (Kanripo KR3g0001),Sacar el carro del barranco conviene al gran hombre.,Sacar el carro del barranco: es la fuerza de la alta posición.
3,礥,Atascado,6,次六,將其車入于丘虛,將車入虛道不得也,CHANT/TLS 四部叢刊 (Kanripo KR3g0001),Lleva su carro adentro del túmulo hueco.,Meter el carro en lo hueco: no se alcanza el camino.
3,礥,Atascado,7,次七,出險登丘或牽之牛,出險登丘莫之代也,CHANT/TLS 四部叢刊 (Kanripo KR3g0001),"Sale del peligro, sube al cerro; alguien le arrea un buey.",Salir del peligro y subir al cerro: nadie puede reemplazarlo.
3,礥,Atascado,8,次八,車不拔髀軸折,車不拔躬自賊也,CHANT/TLS 四部叢刊 (Kanripo KR3g0001),El carro no se deja sacar; el eje y el cubo se quiebran.,El carro que no se saca: él mismo se hace el daño.
3,礥,Atascado,9,上九,崇崇高山下有川波其人有輯航可與過其,高山大川不輯航不克也,CHANT/TLS 四部叢刊 (Kanripo KR3g0001),"Alta, alta la montaña; abajo, las olas del río; ese hombre tiene remos y barca: con él se puede cruzar.","Alta montaña y gran río: sin remos ni barca, no se puede."
4,閑,Barrera,0,首辭,陽氣閑於陰礥然物咸見閑,,CHANT/TLS 四部叢刊 (Kanripo KR3g0001),"El aliento yang queda atrancado por el yin; con esfuerzo, todos los seres se ven barrados.",
4,閑,Barrera,1,初一,蛇伏於泥無雄有雌終莫受施,蛇伏于泥君不君也,CHANT/TLS 四部叢刊 (Kanripo KR3g0001),"La serpiente yace en el fango; sin macho, sólo hembra; al final nada recibe.",La serpiente en el fango: el señor no ejerce de señor.
4,閑,Barrera,2,次二,閑其藏固珍寶,閑其藏中心淵也,CHANT/TLS 四部叢刊 (Kanripo KR3g0001),Atranca su depósito; asegura el tesoro precioso.,Atrancar el depósito: el corazón íntimo es profundo.
4,閑,Barrera,3,次三,關無鍵舍金管,關無鍵盜入門也,CHANT/TLS 四部叢刊 (Kanripo KR3g0001),El portón sin cerrojo; se abandona la llave de metal.,El portón sin cerrojo: el ladrón entra por la puerta.
4,閑,Barrera,4,次四,拔我輗軏小得利小征,拔我輗軏貴以信也,CHANT/TLS 四部叢刊 (Kanripo KR3g0001),"Me arrancan la clavija del yugo; pequeña ganancia, pequeña campaña.",Arrancar la clavija del yugo: lo que se estima es la confianza.
4,閑,Barrera,5,次五,礥而閑而拔我姦而非石如石厲,礥閑如石其敵堅也,CHANT/TLS 四部叢刊 (Kanripo KR3g0001),"Duro y atrancado; me arrancan; pérfido, no es piedra y como piedra: severo. [verso oscuro]",Atrancado como piedra: su adversario es firme.
4,閑,Barrera,6,次六,閑黃垁席金笫,閑黃垁以德固也,CHANT/TLS 四部叢刊 (Kanripo KR3g0001),Atranca el muro amarillo; estera sobre tablillas de metal. [verso oscuro],Atrancar el muro amarillo: por la virtud queda firme.
4,閑,Barrera,7,次七,跙跙閑于蘧除或寢之廬,跙跙之閑惡在舍也,CHANT/TLS 四部叢刊 (Kanripo KR3g0001),"Tropezando y tropezando, atrancado en el umbral de juncos; alguno duerme en la choza.",Ese tropiezo atrancado: el mal está en el hospedaje.
4,閑,Barrera,8,次八,赤臭播關大君不閑克國乘家,赤臭播關恐入室也,CHANT/TLS 四部叢刊 (Kanripo KR3g0001),"Hedor rojo se esparce por el portón; el gran señor, sin barrera, somete el reino y monta la casa. [verso oscuro]",Hedor rojo por el portón: se teme que entre en la alcoba.
4,閑,Barrera,9,上九,閑門以終虛,閑門以虛終不可實也,CHANT/TLS 四部叢刊 (Kanripo KR3g0001),Atranca la puerta hasta el fin: vacío.,Atrancar la puerta con vacío: hasta el fin no podrá llenarse.
5,少,Guardar lo Pequeño,0,首辭,陽氣澹然施於淵物謙然能自韱,,CHANT/TLS 四部叢刊 (Kanripo KR3g0001),"El aliento yang, sereno, se derrama en el hondón; los seres, humildes, saben adelgazarse a sí mismos.",
5,少,Guardar lo Pequeño,1,初一,冥自少眇于謙,冥自少不見謙也,CHANT/TLS 四部叢刊 (Kanripo KR3g0001),"En lo oscuro, uno se hace pequeño de suyo; diminuto en la humildad.",En lo oscuro hacerse pequeño: la humildad no se ve.
5,少,Guardar lo Pequeño,2,次二,自少不至懷其卹,自少不至謙不成也,CHANT/TLS 四部叢刊 (Kanripo KR3g0001),"Hacerse pequeño, mas sin lograrlo; guarda en el pecho su desvelo.",Hacerse pequeño sin lograrlo: la humildad no se cumple.
5,少,Guardar lo Pequeño,3,次三,動韱其得人主之式,韱其得人謙貞也,CHANT/TLS 四部叢刊 (Kanripo KR3g0001),"Mueve lo tenue y sutil, y lo gana: es el modelo de un soberano.",Lo sutil que gana a los hombres: humildad y rectitud.
5,少,Guardar lo Pequeño,4,次四,貧貧或妄之振,貧貧妄振不能守正也,CHANT/TLS 四部叢刊 (Kanripo KR3g0001),"Pobre, pobre; alguno lo agita sin tino.",Pobre y agitado sin tino: no sabe guardar lo recto.
5,少,Guardar lo Pequeño,5,次五,地自沖下于川,地自沖人之所聖也,CHANT/TLS 四部叢刊 (Kanripo KR3g0001),"La tierra, de suyo, se vacía y baja hacia el río.",La tierra que se vacía: es lo que hace sabio al hombre.
5,少,Guardar lo Pequeño,6,次六,少持滿今盛後傾,少持滿何足盛也,CHANT/TLS 四部叢刊 (Kanripo KR3g0001),"Lo pequeño sostiene lo lleno: ahora floreciente, luego volcado.",Lo pequeño que sostiene lo lleno: ¿cómo va a durar en flor?
5,少,Guardar lo Pequeño,7,次七,貧自究利用見富,貧自究富之聘也,CHANT/TLS 四部叢刊 (Kanripo KR3g0001),La pobreza que se agota a sí misma: propicio mostrar la riqueza.,La pobreza que se agota: es el reclamo de la riqueza.
5,少,Guardar lo Pequeño,8,次八,貧不貧人莫之振,貧不貧何足敬也,CHANT/TLS 四部叢刊 (Kanripo KR3g0001),Pobre y no pobre: nadie necesita socorrerlo.,Pobre y no pobre: ¿qué mérito hay que respetar en ello?
5,少,Guardar lo Pequeño,9,上九,密雨溟沐潤于枯瀆三日射谷,密雨射谷謙之靜也,CHANT/TLS 四部叢刊 (Kanripo KR3g0001),"Lluvia menuda, brumosa, bañando; humedece la acequia seca; tres días penetra el valle.",Lluvia menuda que penetra el valle: la quietud de la humildad.
6,戾,Contrariedad,0,首辭,陽氣孚微物各乖離而觸其類,,CHANT/TLS 四部叢刊 (Kanripo KR3g0001),El aliento yang confía en lo tenue; cada ser se aparta y choca con los de su especie.,
6,戾,Contrariedad,1,初一,虛既邪心有傾,虛邪心傾懷不正也,CHANT/TLS 四部叢刊 (Kanripo KR3g0001),El vacío ya torcido; el corazón se inclina.,"Vacío torcido, corazón inclinado: el pecho no es recto."
6,戾,Contrariedad,2,次二,正其腹引其背酋貞,正其腹中心定也,CHANT/TLS 四部叢刊 (Kanripo KR3g0001),"Endereza el vientre, recoge la espalda: rectitud madura.",Enderezar el vientre: el corazón íntimo se asienta.
6,戾,Contrariedad,3,次三,戾其腹正其背,戾腹正背中外爭也,CHANT/TLS 四部叢刊 (Kanripo KR3g0001),"Contrario en el vientre, recto en la espalda.","Vientre contrario, espalda recta: dentro y fuera en pugna."
6,戾,Contrariedad,4,次四,夫妻反道維家之保,夫妻反道各有守也,CHANT/TLS 四部叢刊 (Kanripo KR3g0001),"Marido y mujer opuestos en la Vía: y con todo, el resguardo de la casa.",Marido y mujer opuestos: cada cual tiene su guarda.
6,戾,Contrariedad,5,次五,東南射兕西北其矢,東南射兕不得其首也,CHANT/TLS 四部叢刊 (Kanripo KR3g0001),Al sudeste dispara al rinoceronte; al noroeste va su flecha.,Disparar al sudeste: no le acierta en la cabeza.
6,戾,Contrariedad,6,次六,準繩規矩不同其施,準繩規矩乖其道也,CHANT/TLS 四部叢刊 (Kanripo KR3g0001),"Nivel y cuerda, compás y escuadra: distintos en su empleo.","Nivel y cuerda, compás y escuadra: contrarios en su camino."
6,戾,Contrariedad,7,次七,女不女其心予覆夫諿,女不女大可醜也,CHANT/TLS 四部叢刊 (Kanripo KR3g0001),La mujer que no es mujer; su corazón da y trastorna; el marido asiente. [verso oscuro],La mujer que no es mujer: gran vergüenza.
6,戾,Contrariedad,8,次八,殺生相午中和其道,殺生相午中為界也,CHANT/TLS 四部叢刊 (Kanripo KR3g0001),Matar y dar vida se cruzan; el centro armoniza su camino.,Matar y dar vida se cruzan: el centro es la linde.
6,戾,Contrariedad,9,上九,倉靈之雌不同宿而離失則歲之功乖,倉靈之雌失作敗也,CHANT/TLS 四部叢刊 (Kanripo KR3g0001),"La hembra del numen glauco no anida junto al suyo, sino que se aparta; si se pierde, la obra del año se malogra.","La hembra del numen glauco: al perderse, todo se arruina."
7,上,Ascenso,0,首辭,陽氣育物于下咸射地而登乎上,,CHANT/TLS 四部叢刊 (Kanripo KR3g0001),El aliento yang nutre a los seres abajo; todos brotan de la tierra y ascienden a lo alto.,
7,上,Ascenso,1,初一,上其純心挫厥鏩鏩,上其純心和以悅也,CHANT/TLS 四部叢刊 (Kanripo KR3g0001),Asciende con corazón puro; embota su ímpetu punzante.,Ascender con corazón puro: en armonía y con gozo.
7,上,Ascenso,2,次二,上無根思登于天谷在于淵,上無根不能自活也,CHANT/TLS 四部叢刊 (Kanripo KR3g0001),"Asciende sin raíz, sueña con subir al Cielo, aunque el valle esté en el abismo.",Ascender sin raíz: no puede mantenerse vivo.
7,上,Ascenso,3,次三,出于幽谷登于茂木思其珍穀,出谷登木知向方也,CHANT/TLS 四部叢刊 (Kanripo KR3g0001),"Sale del valle sombrío, sube al árbol frondoso; anhela su grano precioso.",Salir del valle y subir al árbol: sabe hacia dónde ir.
7,上,Ascenso,4,次四,即上不貞無根繁榮孚虛名,即上不貞妄升也,CHANT/TLS 四部叢刊 (Kanripo KR3g0001),"Sube sin rectitud; sin raíz florece exuberante, fiando en un nombre vacío.",Subir sin rectitud: es un ascenso temerario.
7,上,Ascenso,5,次五,鳴鶴升自深澤階天不怍,鳴鶴不怍有諸中也,CHANT/TLS 四部叢刊 (Kanripo KR3g0001),"La grulla que canta se alza del hondo pantano, escala el cielo sin sonrojo.",La grulla que canta sin sonrojo: lo lleva dentro.
7,上,Ascenso,6,次六,升于堂顛衣到裳廷人不慶,升堂顛到失大眾也,CHANT/TLS 四部叢刊 (Kanripo KR3g0001),"Sube al salón, la túnica vuelta, la falda del revés; los cortesanos no lo celebran. [verso oscuro]",Subir al salón del revés: pierde a la multitud.
7,上,Ascenso,7,次七,升于顛臺或柱之材,升臺得柱輔弗堅也,CHANT/TLS 四部叢刊 (Kanripo KR3g0001),Sube a la terraza que se desploma; alguno la apuntala con madera.,Terraza apuntalada: el sostén no es firme.
7,上,Ascenso,8,次八,升于高危或斧之梯,升危斧梯失士民也,CHANT/TLS 四部叢刊 (Kanripo KR3g0001),Sube a la altura peligrosa; alguno le corta a hachazos la escalera.,Subir al peligro con la escalera cortada: pierde a nobles y pueblo.
7,上,Ascenso,9,上九,棲于菑初亡後得基,棲菑得基後得人也,CHANT/TLS 四部叢刊 (Kanripo KR3g0001),"Se posa en el árbol muerto; primero pierde, luego gana cimiento.",Posarse en lo muerto y ganar cimiento: luego gana a los hombres.
8,干,Oposición,0,首辭,陽氣扶物而鑽乎堅鉿然有穿,,CHANT/TLS 四部叢刊 (Kanripo KR3g0001),"El aliento yang apuntala a los seres y horada lo duro; con tesón, algo perfora.",
8,干,Oposición,1,初一,丸鑽鑽于內隙厲,丸鑽于內轉丸非也,CHANT/TLS 四部叢刊 (Kanripo KR3g0001),Una bolita horada y horada la grieta interior: peligro.,Horadar por dentro: hacer rodar la bolita es un error.
8,干,Oposición,2,次二,以微干正維用軌命,以微干正大諫微也,CHANT/TLS 四部叢刊 (Kanripo KR3g0001),Con lo sutil busca lo recto; sólo así sigue la senda ordenada.,Con lo sutil buscar lo recto: gran amonestación en lo pequeño.
8,干,Oposición,3,次三,𦴑鍵挈挈匪貞,𦴑鍵挈挈干祿回也,CHANT/TLS 四部叢刊 (Kanripo KR3g0001),"Cerrojo y traba, aferrando, aferrando: no es recto. [verso oscuro]",Aferrar cerrojo y traba: buscar la paga por vías torcidas.
8,干,Oposición,4,次四,干言入骨時貞,干骨之時直其道也,CHANT/TLS 四部叢刊 (Kanripo KR3g0001),"La palabra que amonesta entra hasta el hueso; oportuna, recta.",Al hueso a tiempo: endereza su camino.
8,干,Oposición,5,次五,蚩蚩干于丘飴或錫之坏,蚩蚩之干錫不好也,CHANT/TLS 四部叢刊 (Kanripo KR3g0001),"Necio, necio, buscando en el cerro de dulces; alguno le regala un tiesto sin cocer. [verso oscuro]",Ese buscar necio: el regalo no vale.
8,干,Oposición,6,次六,幹干於天貞馴,幹干之貞順可保也,CHANT/TLS 四部叢刊 (Kanripo KR3g0001),"El tronco busca hasta el Cielo; recto, dócil.","Ese buscar recto: obediente, se conserva."
8,干,Oposición,7,次七,何戟解解遘,何戟解解不容道也,CHANT/TLS 四部叢刊 (Kanripo KR3g0001),"Cargando la alabarda, flojo, flojo, tropieza con la reyerta. [verso oscuro]",Cargar flojo la alabarda: no deja sitio a la Vía.
8,干,Oposición,8,次八,赤舌燒城吐水于缾,赤舌吐水君子以解祟也,CHANT/TLS 四部叢刊 (Kanripo KR3g0001),Una lengua roja incendia la ciudad; vierte agua desde el jarro.,Lengua roja que vierte agua: así el noble conjura el maleficio.
8,干,Oposición,9,上九,干于浮雲從墜于天,干于浮雲乃從天墜也,CHANT/TLS 四部叢刊 (Kanripo KR3g0001),Busca entre las nubes flotantes; y por eso cae desde el Cielo.,Buscar entre las nubes: entonces cae desde el Cielo.
9,羨,Ramificación,0,首辭,陽氣彊內而弱外物咸扶𤕠而進乎大,,CHANT/TLS 四部叢刊 (Kanripo KR3g0001),"El aliento yang, fuerte por dentro y débil por fuera; los seres se apoyan en el desborde y avanzan hacia lo grande.",
9,羨,Ramificación,1,初一,自我匍匐好是冥德,匍匐冥德若無行也,CHANT/TLS 四部叢刊 (Kanripo KR3g0001),De mí mismo gateo; amo esta virtud oscura.,Gatear con virtud oscura: como si obrara sin obrar.
9,羨,Ramificación,2,次二,熒𤕠狧狧不利有攸往,熒𤕠狧狧多欲往也,CHANT/TLS 四部叢刊 (Kanripo KR3g0001),"Desbordamiento que reluce, lamiendo y lamiendo; no conviene tener adónde ir.",Desbordamiento que lame: demasiado deseo de ir.
9,羨,Ramificación,3,次三,卉炎于𤕠宜于丘陵,卉炎丘陵短臨長也,CHANT/TLS 四部叢刊 (Kanripo KR3g0001),Las hierbas arden en el desborde; convienen a las colinas.,Hierbas que arden en la colina: lo corto se impone a lo largo.
9,羨,Ramificación,4,次四,𤕠于酒食肥無譽,𤕠于酒食仕無方也,CHANT/TLS 四部叢刊 (Kanripo KR3g0001),"Desborde en vino y comida; gordo, sin honra.",Desborde en vino y comida: servir el cargo sin método.
9,羨,Ramificación,5,次五,𤕠有足託堅穀,𤕠有足位正當也,CHANT/TLS 四部叢刊 (Kanripo KR3g0001),El desborde tiene pies; confíalo al grano firme.,El desborde con pies: la posición es la justa.
9,羨,Ramificación,6,次六,獨𤕠逝逝利小不利大,獨𤕠逝逝不可大也,CHANT/TLS 四部叢刊 (Kanripo KR3g0001),"Desbordando a solas, fluyendo y fluyendo; propicio para lo pequeño, no para lo grande.",Desbordar a solas: no puede ser grande.
9,羨,Ramificación,7,次七,白日臨辰可以卒其所聞,白日臨辰老得勢也,CHANT/TLS 四部叢刊 (Kanripo KR3g0001),El sol blanco domina la hora; se puede rematar lo que se ha aprendido.,El sol que domina la hora: lo viejo cobra su impulso.
9,羨,Ramificación,8,次八,蚤虱之𤕠厲,蚤虱之𤕠不足賴也,CHANT/TLS 四部叢刊 (Kanripo KR3g0001),El desborde de pulgas y piojos: peligro.,Desborde de pulgas y piojos: no hay en qué fiarse.
9,羨,Ramificación,9,上九,全𤕠絭其首尾臨于淵,全𤕠之絭恐遇困也,CHANT/TLS 四部叢刊 (Kanripo KR3g0001),Todo el desborde atado; cabeza y cola asoman al abismo.,Todo el desborde atado: teme toparse con el apuro.
10,羡,Defecto / Distorsión,0,首辭,陽氣贊幽推包羡爽未得正行,,CHANT/TLS 四部叢刊 (Kanripo KR3g0001),"El aliento yang asiste lo oculto, empuja y abarca en desvío incierto; aún no logra el andar recto.",
10,羡,Defecto / Distorsión,1,初一,羡於初其次迂塗,羡于初後難正也,CHANT/TLS 四部叢刊 (Kanripo KR3g0001),"Desvío en el arranque; luego, camino sinuoso.","Desvío en el arranque: después, difícil de enderezar."
10,羡,Defecto / Distorsión,2,次二,羡于微克復可以為儀,羡微克復不遠定也,CHANT/TLS 四部叢刊 (Kanripo KR3g0001),Desvío en lo pequeño; capaz de volver: puede servir de norma.,Desvío pequeño con retorno: se corrige antes de ir lejos.
10,羡,Defecto / Distorsión,3,次三,羡迂塗不能直如,羡迂塗不能直行也,CHANT/TLS 四部叢刊 (Kanripo KR3g0001),Desvío en el camino torcido; incapaz de ir derecho.,Desvío en lo torcido: no puede andar derecho.
10,羡,Defecto / Distorsión,4,次四,羡權正吉人不幸,羡權正善反常也,CHANT/TLS 四部叢刊 (Kanripo KR3g0001),"Desvía, sopesa, endereza: propicio; el hombre se libra del infortunio.",Sopesar y enderezar: lo bueno vuelve a la norma.
10,羡,Defecto / Distorsión,5,次五,孔道夷如蹊路微如大輿之憂,孔道之夷奚不遵也,CHANT/TLS 四部叢刊 (Kanripo KR3g0001),"La gran vía es llana; el sendero, tenue; y aun así, la inquietud de un gran carruaje.",La llanura de la gran vía: ¿por qué no seguirla?
10,羡,Defecto / Distorsión,6,次六,大虛既邪或直之或翼之得矢夫,虛邪矢夫得賢臣也,CHANT/TLS 四部叢刊 (Kanripo KR3g0001),"El gran vacío ya torcido; unos lo enderezan, otros lo asisten: se obtiene al hombre de la flecha. [verso oscuro]",Del vacío torcido: se gana a un ministro digno.
10,羡,Defecto / Distorsión,7,次七,曲其故迂其塗厲之馴,曲其故為作意也,CHANT/TLS 四部叢刊 (Kanripo KR3g0001),"Tuerce su causa, enreda su camino; peligro, y luego doma.",Torcer la causa: es artificio deliberado.
10,羡,Defecto / Distorsión,8,次八,羡其足濟于溝瀆面貞,羡其足避凶事也,CHANT/TLS 四部叢刊 (Kanripo KR3g0001),Desvía sus pies; cruza la acequia; encara la rectitud.,Desviar los pies: esquiva el suceso funesto.
10,羡,Defecto / Distorsión,9,上九,車軸折其衡抈四馬就括高人吐血,軸折吐血終不可悔也,CHANT/TLS 四部叢刊 (Kanripo KR3g0001),"Se quiebra el eje del carro, salta la barra del yugo; los cuatro caballos quedan trabados; el hombre encumbrado vomita sangre.","Eje roto y sangre vomitada: al final, ya no cabe lamentarlo."
11,差,Divergencia,0,首辭,陽氣蠢闢於東帝由群雍物差其容,,CHANT/TLS 四部叢刊 (Kanripo KR3g0001),El aliento yang se agita y abre por el este; el Soberano parte de la muchedumbre concorde; los seres divergen en su forma.,
11,差,Divergencia,1,初一,微失自攻端,微失自攻人未知也,CHANT/TLS 四部叢刊 (Kanripo KR3g0001),Una falta mínima se ataca a sí misma en su germen.,Falta mínima que se ataca: la gente aún no lo sabe.
11,差,Divergencia,2,次二,𥧲其所好將以致其所惡,𥧲其所好漸以差也,CHANT/TLS 四部叢刊 (Kanripo KR3g0001),Consiente lo que ama; con ello acarreará lo que aborrece.,Consentir lo que ama: poco a poco se desvía.
11,差,Divergencia,3,次三,其亡其亡將至于暉光,其亡其亡震自衛也,CHANT/TLS 四部叢刊 (Kanripo KR3g0001),"«¡Perdido, perdido!»; y con todo alcanzará la luz resplandeciente.","«¡Perdido, perdido!»: sobresaltado, se guarda a sí mismo."
11,差,Divergencia,4,次四,過小善不克,過小善不能至大也,CHANT/TLS 四部叢刊 (Kanripo KR3g0001),Se excede en el bien pequeño: no prevalece.,Excederse en el bien pequeño: no llega a lo grande.
11,差,Divergencia,5,次五,過門折入得此中行,過門折入近復還也,CHANT/TLS 四部叢刊 (Kanripo KR3g0001),"Pasa la puerta, se vuelve y entra; alcanza este andar del medio.",Pasar y volver a entrar: cerca del retorno.
11,差,Divergencia,6,次六,大跌過其門不入其室,大跌不入誠可患也,CHANT/TLS 四部叢刊 (Kanripo KR3g0001),"Un gran traspié; pasa su puerta, no entra en su alcoba.",Gran traspié sin entrar: de veras es de temer.
11,差,Divergencia,7,次七,累卵業業懼貞安,累卵業業自危作安也,CHANT/TLS 四部叢刊 (Kanripo KR3g0001),"Huevos apilados, trémulo, trémulo; temeroso, recto, en paz.",Huevos apilados y trémulos: del peligro hace la paz.
11,差,Divergencia,8,次八,足纍纍其步蹉躟輔銘滅麋,足纍纍履禍不還也,CHANT/TLS 四部叢刊 (Kanripo KR3g0001),"Pies trabados, trabados; sus pasos tropiezan y se atropellan; grabado el aviso, borrado el ciervo. [verso oscuro]",Pies trabados: pisa la calamidad y no vuelve.
11,差,Divergencia,9,上九,過其枯城或蘖青青,過其枯城改過更生也,CHANT/TLS 四部叢刊 (Kanripo KR3g0001),"Pasando la muralla marchita, algunos brotes verdean, verdean.",Pasar la muralla marchita: enmienda la falta y renace.
12,童,Juventud,0,首辭,陽氣始窺物僮然咸未有知,,CHANT/TLS 四部叢刊 (Kanripo KR3g0001),"El aliento yang empieza a asomarse; los seres, pueriles, aún nada saben.",
12,童,Juventud,1,初一,顓童不寤會我蒙昏,童不寤恐終晦也,CHANT/TLS 四部叢刊 (Kanripo KR3g0001),"Niño obtuso, sin despertar; me encuentra en la penumbra confusa.",El niño que no despierta: teme acabar en tinieblas.
12,童,Juventud,2,次二,錯于靈蓍焯于龜資出泥入脂,錯蓍焯龜比光道也,CHANT/TLS 四部叢刊 (Kanripo KR3g0001),"Consulta la aquilea numinosa, quema el caparazón; su caudal sale del fango y entra en la grasa.",Consultar aquilea y tortuga: se acerca al camino luminoso.
12,童,Juventud,3,次三,東辰以明不能以行,東辰以明奚不逝也,CHANT/TLS 四部叢刊 (Kanripo KR3g0001),"Los astros del este dan luz, mas no se puede andar por ellos.",Los astros del este alumbran: ¿por qué no ponerse en marcha?
12,童,Juventud,4,次四,或後前夫先錫之光,或後前夫先光大也,CHANT/TLS 四部叢刊 (Kanripo KR3g0001),Alguno viene detrás; el hombre que va delante le concede primero la luz.,Alguno detrás: la luz del que precede es grande.
12,童,Juventud,5,次五,蒙柴求兕其德不美,蒙柴求兕得不慶也,CHANT/TLS 四部叢刊 (Kanripo KR3g0001),"A ciegas en la maleza, cazando el rinoceronte; su virtud no es bella. [verso oscuro]",Cazar a ciegas el rinoceronte: lo que gana no da alegría.
12,童,Juventud,6,次六,大開帷幕以引方客,大開帷幕覽眾明也,CHANT/TLS 四部叢刊 (Kanripo KR3g0001),Abre de par en par los cortinajes para atraer huéspedes de toda parte.,Abrir los cortinajes: contempla a muchos hombres claros.
12,童,Juventud,7,次七,脩侏侏比于朱儒,侏侏之脩無可為也,CHANT/TLS 四部叢刊 (Kanripo KR3g0001),"Se cultiva a lo enano, enano; como un bufón diminuto. [verso oscuro]",Ese cultivo enano: nada puede hacerse con él.
12,童,Juventud,8,次八,或擊之或刺之修其玄鑒渝,擊之刺之過以衰也,CHANT/TLS 四部叢刊 (Kanripo KR3g0001),"Unos lo golpean, otros lo hieren; pule su espejo oscuro, y muda. [verso oscuro]","Golpearlo y herirlo: por exceso, decae."
12,童,Juventud,9,上九,童麋觸犀灰其首,童麋觸犀還自纍也,CHANT/TLS 四部叢刊 (Kanripo KR3g0001),El alce joven embiste al rinoceronte; su cabeza queda hecha ceniza.,El alce que embiste al rinoceronte: sólo se arruina a sí mismo.
13,増,Aumento,0,首辭,陽氣蕃息物則增益日宣而殖,,CHANT/TLS 四部叢刊 (Kanripo KR3g0001),El aliento yang prolifera; los seres aumentan; día a día se despliegan y se multiplican.,
13,増,Aumento,1,初一,聞貞增默外人不得,聞貞增默識內也,CHANT/TLS 四部叢刊 (Kanripo KR3g0001),"Oye la rectitud, crece en silencio; los de afuera nada obtienen.",Crecer callado: el saber se guarda dentro.
13,増,Aumento,2,次二,不增其方而增其光冥,不增其方徒飾外也,CHANT/TLS 四部叢刊 (Kanripo KR3g0001),"No acrecienta su sustancia, sino su brillo: y a oscuras.",No acrecentar la sustancia: sólo adorna lo de fuera.
13,増,Aumento,3,次三,木以止漸增,木止漸增不可蓋也,CHANT/TLS 四部叢刊 (Kanripo KR3g0001),"El árbol, por la quietud, crece poco a poco.",El árbol que crece quieto: no se le puede tapar.
13,増,Aumento,4,次四,要不克或增之戴,要不克可敗也,CHANT/TLS 四部叢刊 (Kanripo KR3g0001),La cintura no aguanta; y aun así alguno le añade más carga. [verso oscuro],La cintura que no aguanta: puede venirse abajo.
13,増,Aumento,5,次五,澤庳其容眾潤攸同,澤庳其容謙虛大也,CHANT/TLS 四部叢刊 (Kanripo KR3g0001),"El pantano abaja su cuenco; cuantos moja, comparten por igual.",El pantano que se abaja: la humildad vacía es grande.
13,増,Aumento,6,次六,朱車燭分一日增我三千君子慶小人傷,朱車之增小人不當也,CHANT/TLS 四部叢刊 (Kanripo KR3g0001),"El carro bermejo, antorchas al partir; en un día gano tres mil: dicha al noble, daño al hombre pequeño.",El aumento del carro bermejo: no le corresponde al hombre pequeño.
13,増,Aumento,7,次七,增其高刃其峭丘貞,增高刃峭與損皆行也,CHANT/TLS 四部叢刊 (Kanripo KR3g0001),"Acrecienta su altura, afila su escarpa; el cerro, recto.",Altura y escarpa: ganancia y merma van juntas.
13,増,Aumento,8,次八,兼貝以役往益來𨲞,兼貝以役前慶後亡也,CHANT/TLS 四部叢刊 (Kanripo KR3g0001),"Junta conchas para pagar servicios; al ir, crece; al volver, se pierde. [verso oscuro]","Juntar conchas para servir: dicha antes, pérdida después."
13,増,Aumento,9,上九,崔嵬不崩賴彼峽崥,崔嵬不崩群士㩖㩖也,CHANT/TLS 四部叢刊 (Kanripo KR3g0001),"El picacho no se desploma, gracias al pie de aquel desfiladero.",El picacho que no se desploma: la hueste de hombres lo sostiene firme.
14,銳,Penetración,0,首辭,陽氣岑以銳物之生也咸專一而不二,,CHANT/TLS 四部叢刊 (Kanripo KR3g0001),"El aliento yang se encumbra y aguza; en su nacer, los seres se concentran en lo uno y no en lo doble.",
14,銳,Penetración,1,初一,蟹之郭索後蚓黃泉,蟹之郭索心不一也,CHANT/TLS 四部叢刊 (Kanripo KR3g0001),"El cangrejo va y viene inquieto; tras la lombriz, hacia las Fuentes Amarillas.",El cangrejo inquieto: su corazón no es uno.
14,銳,Penetración,2,次二,銳一無不達,銳一之達執道必也,CHANT/TLS 四部叢刊 (Kanripo KR3g0001),"Aguzado en lo uno, no hay nada que no alcance.",Alcanzar por lo uno: se aferra a la Vía sin falta.
14,銳,Penetración,3,次三,狂銳盪,狂銳之盪不能處一也,CHANT/TLS 四部叢刊 (Kanripo KR3g0001),Aguzado con locura: embate desatado.,Ese embate loco: no sabe morar en lo uno.
14,銳,Penetración,4,次四,銳于時無不利,銳于時得其適也,CHANT/TLS 四部叢刊 (Kanripo KR3g0001),Aguzado en el momento justo: nada le es adverso.,Aguzado a tiempo: da con lo oportuno.
14,銳,Penetración,5,次五,銳其東忘其西見其背不見其心,銳東忘西不能迴避也,CHANT/TLS 四部叢刊 (Kanripo KR3g0001),"Aguzado hacia el este, olvida el oeste; ve la espalda, no ve el corazón.",Aguzar al este y olvidar el oeste: no puede volverse a esquivar.
14,銳,Penetración,6,次六,銳于醜含于五軌萬鍾貞,銳于醜福祿不量也,CHANT/TLS 四部叢刊 (Kanripo KR3g0001),"Aguzado entre lo vulgar, contenido en las cinco sendas; diez mil medidas, recto. [verso oscuro]",Aguzado entre lo vulgar: dicha y paga sin medida.
14,銳,Penetración,7,次七,銳于利忝惡至,銳于利辱在一方也,CHANT/TLS 四部叢刊 (Kanripo KR3g0001),Aguzado tras el provecho: llegan la afrenta y el mal.,Aguzado tras el provecho: la vergüenza queda a un lado.
14,銳,Penetración,8,次八,銳其銳救其敗,銳其銳恐轉作殃也,CHANT/TLS 四部叢刊 (Kanripo KR3g0001),Aguza su filo para reparar su derrota.,Aguzar el filo: teme que se vuelva desgracia.
14,銳,Penetración,9,上九,陵崢岸峭陁,陵崢岸峭銳極必崩也,CHANT/TLS 四部叢刊 (Kanripo KR3g0001),"La cima se encumbra, la ribera escarpada se desmorona.",Cima y ribera escarpadas: el filo en su extremo ha de quebrar.
15,達,Alcance,0,首辭,陽氣枝枚條出物莫不達,,CHANT/TLS 四部叢刊 (Kanripo KR3g0001),El aliento yang brota en ramas y vástagos; no hay ser que no atraviese.,
15,達,Alcance,1,初一,中冥獨達迵迵不屈,中冥獨達內曉無方也,CHANT/TLS 四部叢刊 (Kanripo KR3g0001),"En la tiniebla central, a solas atraviesa; de parte a parte, sin doblarse.",Atravesar a solas: claridad interior sin confín.
15,達,Alcance,2,次二,迷腹達目,迷腹達目以道不明也,CHANT/TLS 四部叢刊 (Kanripo KR3g0001),"Turbio en el vientre, claro en los ojos.","Turbio dentro, claro fuera: la Vía no se aclara."
15,達,Alcance,3,次三,蒼木維流厥美可以達于瓜苞,蒼木維流內恕以量也,CHANT/TLS 四部叢刊 (Kanripo KR3g0001),El árbol glauco junto a la corriente; su hermosura puede alcanzar el racimo del melón. [verso oscuro],El árbol junto a la corriente: indulgencia interior con mesura.
15,達,Alcance,4,次四,小利小達大迷扁扁不救,小達大迷獨曉隅方也,CHANT/TLS 四部叢刊 (Kanripo KR3g0001),"Poca ganancia, poco alcance; gran extravío, revoloteando, sin remedio.",Poco alcance y gran extravío: sólo ve un rincón.
15,達,Alcance,5,次五,達于中衢大小無迷,達于中衢道四通也,CHANT/TLS 四部叢刊 (Kanripo KR3g0001),"Alcanza la encrucijada central; grandes y pequeños, ninguno se pierde.",Alcanzar la encrucijada: la vía se abre a los cuatro rumbos.
15,達,Alcance,6,次六,大達無畛不要止洫作否,大達無畛不可偏從也,CHANT/TLS 四部叢刊 (Kanripo KR3g0001),"Gran alcance sin lindes; si no se detiene en el cauce, se vuelve funesto.",Gran alcance sin lindes: no seguirlo de un solo lado.
15,達,Alcance,7,次七,達于砭割前亡後賴,達于砭割終以不廢也,CHANT/TLS 四部叢刊 (Kanripo KR3g0001),"Alcanza por el corte de la lanceta; pérdida antes, provecho después.","Alcanzar por el corte: al final, no se descarta."
15,達,Alcance,8,次八,迷目達腹,迷目達腹外惑其內也,CHANT/TLS 四部叢刊 (Kanripo KR3g0001),"Turbio en los ojos, claro en el vientre.","Turbio afuera, claro adentro: lo de fuera confunde a lo de dentro."
15,達,Alcance,9,上九,達于咎貞終譽,達咎終譽善以道退也,CHANT/TLS 四部叢刊 (Kanripo KR3g0001),"Atraviesa la culpa; recto, alabado al final.",Atravesar la culpa: bien está retirarse por la Vía.
16,交,Contacto,0,首辭,陽交於陰陰交於陽物登明堂矞矞皇皇,,CHANT/TLS 四部叢刊 (Kanripo KR3g0001),"El yang se une al yin, el yin al yang; los seres suben al Salón de la Luz, radiantes y augustos.",
16,交,Contacto,1,初一,冥交于神齊不以其貞,冥交不以懷非含慚也,CHANT/TLS 四部叢刊 (Kanripo KR3g0001),"A oscuras se une al espíritu; ayuna, mas no con rectitud.","Unión oscura sin rectitud: alberga lo torcido, guarda vergüenza."
16,交,Contacto,2,次二,冥交有孚明如,冥交之孚信接神明也,CHANT/TLS 四部叢刊 (Kanripo KR3g0001),"A oscuras se une, con sinceridad; ¡qué claridad!",La sinceridad de la unión oscura: la fe empalma con los númenes.
16,交,Contacto,3,次三,交于木石,交于木石不能嚮人也,CHANT/TLS 四部叢刊 (Kanripo KR3g0001),Se une con leño y piedra.,Unirse a leño y piedra: no puede volverse hacia los hombres.
16,交,Contacto,4,次四,往來熏熏得亡之門,往來熏熏與神交行也,CHANT/TLS 四部叢刊 (Kanripo KR3g0001),"Yendo y viniendo, cálido y radiante: la puerta del ganar y el perder.",Ir y venir radiante: se mueve en trato con el espíritu.
16,交,Contacto,5,次五,交于鸎猩不獲其榮,交于鸎猩鳥獸同方也,CHANT/TLS 四部叢刊 (Kanripo KR3g0001),Se une con oropéndola y mono; no logra su gloria. [verso oscuro],Unirse a oropéndola y mono: aves y bestias de una misma laya.
16,交,Contacto,6,次六,大圈閎閎小圈交之我有靈殽與爾殽之,大小之交待賢煥光也,CHANT/TLS 四部叢刊 (Kanripo KR3g0001),"El gran círculo, vasto; el pequeño lo toca; tengo manjar numinoso y contigo lo comparto. [verso oscuro]","El trato de grande y pequeño: aguarda al digno, y la luz resplandece."
16,交,Contacto,7,次七,交于鳥鼠費其資黍,交于鳥鼠徒費也,CHANT/TLS 四部叢刊 (Kanripo KR3g0001),Se une con pájaros y ratas; malgasta su reserva de mijo.,Unirse a pájaros y ratas: puro despilfarro.
16,交,Contacto,8,次八,戈矛往來以其貞不悔,戈矛往來征不可廢也,CHANT/TLS 四部叢刊 (Kanripo KR3g0001),"Lanza y pica van y vienen; por su rectitud, sin arrepentimiento.",Lanza y pica que van y vienen: la campaña no puede abandonarse.
16,交,Contacto,9,上九,交于戰伐不貞覆于城猛則噉,交于戰伐奚可遂也,CHANT/TLS 四部叢刊 (Kanripo KR3g0001),"Se une en la guerra; sin rectitud, vuelca ante la muralla; feroz, será devorado.",Unirse en la guerra: ¿cómo va a salir bien?
17,䎡,Contención,0,首辭,陽氣能剛能柔能作能休見難而縮,,CHANT/TLS 四部叢刊 (Kanripo KR3g0001),"El aliento yang puede ser duro o blando, obrar o descansar; al ver la dificultad, se encoge.",
17,䎡,Contención,1,初一,赤卉方銳利進以退,赤卉方銳退以動也,CHANT/TLS 四部叢刊 (Kanripo KR3g0001),La planta roja apenas aguzada; propicio avanzar retrocediendo.,La planta roja aguzada: se mueve retrocediendo.
17,䎡,Contención,2,次二,耎其心作疾,耎其心中無勇也,CHANT/TLS 四部叢刊 (Kanripo KR3g0001),Ablanda su corazón; brota la dolencia.,Ablandar el corazón: no hay coraje dentro.
17,䎡,Contención,3,次三,耎其䣛守其節雖勿肆終無拂,耎其䣛體不可肆也,CHANT/TLS 四部叢刊 (Kanripo KR3g0001),"Ablanda su rodilla, guarda su mesura; aunque no se suelte, al fin nada lo contraría.",Ablandar la rodilla: el cuerpo no debe soltarse.
17,䎡,Contención,4,次四,耎其哇三歲不噣,耎哇不噣時數失也,CHANT/TLS 四部叢刊 (Kanripo KR3g0001),Ablanda su graznido; tres años no pía. [verso oscuro],Graznido ablandado que no pía: pierde la cuenta de los tiempos.
17,䎡,Contención,5,次五,黃菌不誕俟于慶雲,黃菌不誕俟逑耦也,CHANT/TLS 四部叢刊 (Kanripo KR3g0001),El hongo amarillo no brota; aguarda la nube propicia.,El hongo que no brota: aguarda a su pareja.
17,䎡,Contención,6,次六,縮失時或承之菑,縮失時坐逋後也,CHANT/TLS 四部叢刊 (Kanripo KR3g0001),Se encoge y pierde el momento; alguno hereda por ello la calamidad.,Encogerse a destiempo: se queda ocioso y rezagado.
17,䎡,Contención,7,次七,詘其節執其術共所歾,詘節共歾內有主也,CHANT/TLS 四部叢刊 (Kanripo KR3g0001),"Dobla su articulación, se atiene a su arte; juntos hasta el fin.",Doblar la articulación juntos hasta el fin: dentro hay un dueño.
17,䎡,Contención,8,次八,窾枯木丁衝振其枝小人有耎三郄鉤羅,窾木之振小人見侮也,CHANT/TLS 四部叢刊 (Kanripo KR3g0001),"El árbol hueco y seco, golpeado de frente, sacude sus ramas; el hombre pequeño tiene su flaqueza; tres grietas, una red con garfios. [verso oscuro]",El árbol hueco sacudido: al hombre pequeño lo desprecian.
17,䎡,Contención,9,上九,悔縮往去來復,悔縮之復得在後也,CHANT/TLS 四部叢刊 (Kanripo KR3g0001),"Pesar y encogimiento; se va, se aleja, y vuelve.",El retorno tras encogerse: se gana al final.
18,傒,Espera,0,首辭,陽氣有傒可以進而進物咸得其願,,CHANT/TLS 四部叢刊 (Kanripo KR3g0001),"El aliento yang tiene en qué aguardar; puede avanzar, y avanza; los seres logran su deseo.",
18,傒,Espera,1,初一,冥賊傒天凶,冥賊之傒時無吉也,CHANT/TLS 四部叢刊 (Kanripo KR3g0001),"A oscuras, un malhechor aguarda al Cielo: funesto.",La espera del malhechor oscuro: no hay momento propicio.
18,傒,Espera,2,次二,冥德傒天昌,冥德之傒昌將日也,CHANT/TLS 四部叢刊 (Kanripo KR3g0001),La virtud oculta aguarda al Cielo: florecimiento.,La espera de la virtud oculta: florece con cada día.
18,傒,Espera,3,次三,傒後時,傒而後之解也,CHANT/TLS 四部叢刊 (Kanripo KR3g0001),"Aguarda, y se rezaga del tiempo.",Aguardar y rezagarse: se afloja.
18,傒,Espera,4,次四,詘其角直其足維以傒穀,屈角直足不伎剌也,CHANT/TLS 四部叢刊 (Kanripo KR3g0001),"Dobla su cuerno, endereza sus patas, sólo para aguardar la buena fortuna.",Cuerno doblado y patas rectas: sin torcedura ni choque.
18,傒,Espera,5,次五,大爵集于宮庸小人庳傒空,宮庸之爵不可空得也,CHANT/TLS 四部叢刊 (Kanripo KR3g0001),"Grandes gorriones se juntan en el muro del palacio; el hombre pequeño, humilde, aguarda en vano.",El gorrión del muro palaciego: no se logra de balde.
18,傒,Espera,6,次六,傒福貞貞食于金,傒福貞貞正可服也,CHANT/TLS 四部叢刊 (Kanripo KR3g0001),"Aguarda la dicha, recto, recto; se nutre del metal.",Aguardar la dicha con rectitud: en lo recto se puede confiar.
18,傒,Espera,7,次七,傒禍介介凶人之郵,傒禍介介與禍期也,CHANT/TLS 四部叢刊 (Kanripo KR3g0001),"Aguarda la desgracia, inquieto, inquieto: es la posta del hombre aciago.",Aguardar la desgracia inquieto: tiene cita con la calamidad.
18,傒,Espera,8,次八,不禍禍傒天活我,禍不禍非厥訧也,CHANT/TLS 四部叢刊 (Kanripo KR3g0001),"Sin desgracia, la desgracia acecha; el Cielo me mantiene vivo.",Desgracia que no es desgracia: no es culpa suya.
18,傒,Espera,9,上九,傒尪尪天撲之顙,傒尪之撲終不可治也,CHANT/TLS 四部叢刊 (Kanripo KR3g0001),"Aguarda, tullido, tullido; el Cielo le golpea la frente.",El golpe al que aguarda tullido: al fin no tiene cura.
19,從,Seguimiento,0,首辭,陽躍于淵于澤于田于嶽物企其足,,CHANT/TLS 四部叢刊 (Kanripo KR3g0001),"El yang salta en el abismo, en el pantano, en el campo, en el monte; los seres se alzan de puntillas.",
19,從,Seguimiento,1,初一,日幽嬪之月冥隨之基,日嬪月隨臣應基也,CHANT/TLS 四部叢刊 (Kanripo KR3g0001),"El sol en penumbra, la luna su consorte; a oscuras lo sigue: el cimiento.","Sol-consorte, luna que sigue: el ministro responde; el cimiento."
19,從,Seguimiento,2,次二,方出旭旭朋從爾醜,方出朋從不知所之也,CHANT/TLS 四部叢刊 (Kanripo KR3g0001),"Apenas sale, radiante, radiante; los amigos te siguen a ti y a los tuyos.",Apenas salir y ser seguido: no sabe adónde va.
19,從,Seguimiento,3,次三,人不攻之自牽從之,人不攻之自然證也,CHANT/TLS 四部叢刊 (Kanripo KR3g0001),Los hombres no lo combaten; de suyo se deja llevar y seguir.,Que no lo combatan: prueba de lo natural.
19,從,Seguimiento,4,次四,鳴從不臧有女承其血匡亡,鳴從之亡奚足朋也,CHANT/TLS 四部叢刊 (Kanripo KR3g0001),Seguir el reclamo no es bueno; hay una mujer que recoge su sangre; la cesta se pierde. [verso oscuro],La pérdida de seguir el reclamo: ¿qué compañía es esa?
19,從,Seguimiento,5,次五,從水之科滿,從水滿科不自越也,CHANT/TLS 四部叢刊 (Kanripo KR3g0001),"Sigue el agua a la hondonada, y la colma.",Seguir el agua que colma la hondonada: no se rebasa a sí misma.
19,從,Seguimiento,6,次六,從其目失其腹,從目失腹欲丕從也,CHANT/TLS 四部叢刊 (Kanripo KR3g0001),"Sigue a sus ojos, pierde su vientre.",Seguir los ojos y perder el vientre: querer seguir en exceso.
19,從,Seguimiento,7,次七,拂其惡從其淑雄黃食肉,拂惡從淑救凶也,CHANT/TLS 四部叢刊 (Kanripo KR3g0001),"Aparta lo malo, sigue lo bueno; realgar que devora la carne (que cura). [verso oscuro]",Apartar lo malo y seguir lo bueno: se salva del infortunio.
19,從,Seguimiento,8,次八,從不淑禍飛不逐,從不淑禍不可訟也,CHANT/TLS 四部叢刊 (Kanripo KR3g0001),Sigue lo insano; la desgracia vuela y no se ahuyenta.,Seguir lo insano: la desgracia no se puede pleitear.
19,從,Seguimiento,9,上九,從徽徽後乃登于階終,從徽徽後得功也,CHANT/TLS 四部叢刊 (Kanripo KR3g0001),"Sigue, espléndido, espléndido; luego sube por fin los peldaños, hasta el final.",Seguir con esplendor: al fin cobra mérito.
20,進,Avance,0,首辭,陽引而進物出溱溱開明而前,,CHANT/TLS 四部叢刊 (Kanripo KR3g0001),"El yang tira y avanza; los seres salen en tropel, abriéndose a la luz, hacia adelante.",
20,進,Avance,1,初一,冥進否作退母,冥進否邪作退也,CHANT/TLS 四部叢刊 (Kanripo KR3g0001),A oscuras avanza: no; hace del retroceso su madre.,"Avance oscuro que no: torcido, retrocede."
20,進,Avance,2,次二,進以中刑大人獨見,進以中刑刑不可外也,CHANT/TLS 四部叢刊 (Kanripo KR3g0001),Avanza por el castigo central; sólo el gran hombre lo ve.,Avanzar por el castigo central: el castigo no debe salir afuera.
20,進,Avance,3,次三,狂章章不得中行,狂章章進不中也,CHANT/TLS 四部叢刊 (Kanripo KR3g0001),"Loco y ostentoso, ostentoso; no da con el andar del medio.",Loco y ostentoso: avanza fuera del centro.
20,進,Avance,4,次四,日飛懸陰萬物融融,日飛懸陰君道隆也,CHANT/TLS 四部叢刊 (Kanripo KR3g0001),"El sol vuela, suspendido sobre la sombra; los diez mil seres, tibios, se funden.",El sol suspendido sobre la sombra: la vía del soberano se ensalza.
20,進,Avance,5,次五,進以欋䟽或杖之扶,進以欋䟽制于宗也,CHANT/TLS 四部叢刊 (Kanripo KR3g0001),Avanza con rastrillo y grada; alguno lo sostiene con un báculo. [verso oscuro],Avanzar con rastrillo: gobernado por el jefe del linaje.
20,進,Avance,6,次六,進以高明受祉無疆,進以高明其道迂也,CHANT/TLS 四部叢刊 (Kanripo KR3g0001),Avanza con alta claridad; recibe bendición sin confín.,Avanzar con alta claridad: pero su camino da rodeos.
20,進,Avance,7,次七,進非其以聽咎窒耳,進非其以毀滋章也,CHANT/TLS 四部叢刊 (Kanripo KR3g0001),"Avanza por medios impropios; al oír las faltas, se tapa los oídos.",Avanzar por medios impropios: la ruina se hace más patente.
20,進,Avance,8,次八,進于淵君子用舩,進淵且舩以道行也,CHANT/TLS 四部叢刊 (Kanripo KR3g0001),Avanza hacia el abismo; el noble se vale de la barca.,Avanzar al abismo en barca: procede según la Vía.
20,進,Avance,9,上九,逆憑山川三歲不還,逆憑山川終不可長也,CHANT/TLS 四部叢刊 (Kanripo KR3g0001),"A contracorriente, desafiando montes y ríos; tres años sin volver.",Desafiar montes y ríos: al final no puede durar.
21,釋,Liberación,0,首辭,陽氣和震圜煦釋物咸稅其枯而解其甲,,CHANT/TLS 四部叢刊 (Kanripo KR3g0001),El aliento yang concuerda y estremece; con tibieza en redondo deshiela a los seres; todos mudan su marchitez y sueltan su coraza.,
21,釋,Liberación,1,初一,動而無名酋,動而無名不可得名也,CHANT/TLS 四部叢刊 (Kanripo KR3g0001),"Se mueve, mas sin nombre: ya maduro. [verso oscuro]",Moverse sin nombre: no se le puede nombrar.
21,釋,Liberación,2,次二,動于響景,動于響景不足觀聽也,CHANT/TLS 四部叢刊 (Kanripo KR3g0001),Se mueve en el eco y la sombra.,Moverse en eco y sombra: no hay qué ver ni qué oír.
21,釋,Liberación,3,次三,風動雷興從其高崇,風動雷興動有為也,CHANT/TLS 四部叢刊 (Kanripo KR3g0001),"El viento se agita, el trueno se alza; sigue lo alto y encumbrado.",Viento y trueno que se alzan: movimiento con obra.
21,釋,Liberación,4,次四,動之丘陵失澤朋,動之丘陵失下危也,CHANT/TLS 四部叢刊 (Kanripo KR3g0001),Lo mueve hacia las colinas; pierde a los compañeros del pantano.,Moverlo a las colinas: pierde a los de abajo—peligro.
21,釋,Liberación,5,次五,和釋之脂四國之夷,和釋之脂民說無疆也,CHANT/TLS 四部叢刊 (Kanripo KR3g0001),La unción del deshielo armonioso; la paz de los cuatro reinos.,La unción del deshielo: el gozo del pueblo sin confín.
21,釋,Liberación,6,次六,震于廷喪其和貞,震于廷和正俱亡也,CHANT/TLS 四部叢刊 (Kanripo KR3g0001),Trueno en la corte; pierde su concordia y su rectitud.,"Trueno en la corte: concordia y rectitud, ambas perdidas."
21,釋,Liberación,7,次七,震震不侮濯漱其詬,震震不侮解恥無方也,CHANT/TLS 四部叢刊 (Kanripo KR3g0001),"Tronando y tronando, sin ultraje; lava y enjuaga su afrenta.",Tronar sin ultraje: disolver la afrenta sin límite.
21,釋,Liberación,8,次八,震于利巔仆死,震于利與死偕行也,CHANT/TLS 四部叢刊 (Kanripo KR3g0001),"Truena tras el provecho; en la cima, se desploma y muere.",Tronar tras el provecho: camina de la mano con la muerte.
21,釋,Liberación,9,上九,今獄後穀終說桎梏,今獄後穀于彼釋殃也,CHANT/TLS 四部叢刊 (Kanripo KR3g0001),"Hoy la cárcel, mañana la fortuna; al fin se libra de los grillos.",Cárcel hoy y fortuna después: allí se libera la desdicha.
22,格,Resistencia,0,首辭,陽氣內壯能格乎群陰攘而郄之,,CHANT/TLS 四部叢刊 (Kanripo KR3g0001),"El aliento yang, robusto por dentro, sabe resistir a la muchedumbre yin; la rechaza y la repele.",
22,格,Resistencia,1,初一,格內善失貞類,格內善中不省也,CHANT/TLS 四部叢刊 (Kanripo KR3g0001),Resiste dentro lo bueno; pierde la casta recta.,Resistir dentro lo bueno: el centro no se examina.
22,格,Resistencia,2,次二,格內惡幽貞,格內惡幽貞妙也,CHANT/TLS 四部叢刊 (Kanripo KR3g0001),Resiste dentro lo malo; rectitud oculta.,Resistir dentro lo malo: rectitud oculta y sutil.
22,格,Resistencia,3,次三,裳格鞶鉤渝,裳格鞶鉤無以制也,CHANT/TLS 四部叢刊 (Kanripo KR3g0001),La falda resiste; la hebilla del cinto muda. [verso oscuro],La falda que resiste: nada con qué gobernarla.
22,格,Resistencia,4,次四,畢格禽鳥之貞,畢格禽正法位也,CHANT/TLS 四部叢刊 (Kanripo KR3g0001),La red atrapa las aves: su rectitud.,La red que atrapa: la justa posición de la ley.
22,格,Resistencia,5,次五,膠漆釋弓不射角木離,膠漆釋信不結也,CHANT/TLS 四部叢刊 (Kanripo KR3g0001),Cola y laca sueltas; el arco no dispara; cuerno y madera se separan.,Cola y laca sueltas: la confianza no traba.
22,格,Resistencia,6,次六,息金消石往小來奕,息金消石美日大也,CHANT/TLS 四部叢刊 (Kanripo KR3g0001),"El metal crece, la piedra se disuelve; va lo pequeño, viene lo grande.","Metal que crece, piedra que mengua: lo bello aumenta día a día."
22,格,Resistencia,7,次七,格其珍類龜緺厲,格其珍類無以自匡也,CHANT/TLS 四部叢刊 (Kanripo KR3g0001),Resiste su casta preciosa; el cordón de la tortuga: peligro. [verso oscuro],Resistir lo precioso: nada con qué enderezarse.
22,格,Resistencia,8,次八,格彼鞶堅君子得時小人𨲞憂否,格彼鞶堅誼不得行也,CHANT/TLS 四部叢刊 (Kanripo KR3g0001),"Resiste aquel cinto firme; el noble halla su hora, el hombre pequeño se pierde en la inquietud: no. [verso oscuro]",Resistir el cinto firme: la equidad no puede obrar.
22,格,Resistencia,9,上九,郭其目䚩其角不庳其體撲,郭目䚩角還自傷也,CHANT/TLS 四部叢刊 (Kanripo KR3g0001),"Abre grandes los ojos, aguza los cuernos; sin abajar el cuerpo, cae abatido. [verso oscuro]",Ojos abiertos y cuernos aguzados: sólo se hiere a sí mismo.
23,夷,Holgura,0,首辭,陽氣傷𨲞陰無救瘣物則平易,,CHANT/TLS 四部叢刊 (Kanripo KR3g0001),"El aliento yang herido, el yin sin remedio a su mal; los seres entonces se allanan y se vuelven fáciles.",
23,夷,Holgura,1,初一,載幽貳執夷內,載幽執夷易其內也,CHANT/TLS 四部叢刊 (Kanripo KR3g0001),Sobrelleva la duda oculta; mantiene lo llano por dentro.,Mantener lo llano: se allana por dentro.
23,夷,Holgura,2,次二,陰夷冒于天罔,陰夷冒罔䟽不失也,CHANT/TLS 四部叢刊 (Kanripo KR3g0001),"El yin se allana, cubierto por la red del Cielo.","El yin bajo la red: holgado, y nada pierde."
23,夷,Holgura,3,次三,柔嬰兒于號三日不嗄,嬰兒于號中心和也,CHANT/TLS 四部叢刊 (Kanripo KR3g0001),"Tierno el niño de pecho en su llanto; tres días, y no enronquece.",El niño que llora: su corazón íntimo está en concordia.
23,夷,Holgura,4,次四,夷其牙或飫之徒,夷其牙食不足嘉也,CHANT/TLS 四部叢刊 (Kanripo KR3g0001),Embota sus dientes; alguno se atraca en balde. [verso oscuro],Embotar los dientes: ese comer no es de alabar.
23,夷,Holgura,5,次五,中夷無不利,中夷之利其道多也,CHANT/TLS 四部叢刊 (Kanripo KR3g0001),Lo llano del centro: nada le es adverso.,El provecho de lo llano central: sus caminos son muchos.
23,夷,Holgura,6,次六,夷于廬其宅丘虛,夷于廬厥德亡也,CHANT/TLS 四部叢刊 (Kanripo KR3g0001),"Arrasado en su choza; su morada, un túmulo hueco.",Arrasado en la choza: su virtud se ha perdido.
23,夷,Holgura,7,次七,榦柔榦弱離木艾金夷,榦柔艾金弱勝彊也,CHANT/TLS 四部叢刊 (Kanripo KR3g0001),"El tronco blando, el tronco débil; parte la madera, siega el metal: allanado. [verso oscuro]",Tronco blando que siega el metal: lo débil vence a lo fuerte.
23,夷,Holgura,8,次八,夷其角厲,夷其角以威傷也,CHANT/TLS 四部叢刊 (Kanripo KR3g0001),Rompe su cuerno: peligro.,Romper el cuerno: herido por su propia fuerza.
23,夷,Holgura,9,上九,夷于耇利敬病年貞,夷耇之貞懸車鄉也,CHANT/TLS 四部叢刊 (Kanripo KR3g0001),"Achacoso en la vejez; propicio el respeto; enfermo de años, recto.",La rectitud del anciano: cuelga el carro y se retira a la aldea.
24,樂,Gozo,0,首辭,陽始出奧舒疊得以和淖物咸喜樂,,CHANT/TLS 四部叢刊 (Kanripo KR3g0001),El yang empieza a salir de lo recóndito; se despliega y se remansa en concordia blanda; los seres todos se alegran.,
24,樂,Gozo,1,初一,獨樂款款及不遠,獨樂款款淫其內也,CHANT/TLS 四部叢刊 (Kanripo KR3g0001),"Goza a solas, afanoso, afanoso; no llega lejos.",Gozar a solas: exceso por dentro.
24,樂,Gozo,2,次二,樂不知辰于天,樂不可知以時歲也,CHANT/TLS 四部叢刊 (Kanripo KR3g0001),Goza sin saber la hora del Cielo.,Un gozo que no se sabe: no se cuenta por las estaciones del año.
24,樂,Gozo,3,次三,不宴不雅𠹑呱啞咋號咷倚戶,不宴不雅禮樂廢也,CHANT/TLS 四部叢刊 (Kanripo KR3g0001),"Ni banquete ni decoro; balbuceos, chillidos, alaridos, recostado en la puerta. [verso oscuro]",Ni banquete ni decoro: rito y música en ruinas.
24,樂,Gozo,4,次四,拂其繫絕其纗佚厥心,拂繫絕纗心誠快也,CHANT/TLS 四部叢刊 (Kanripo KR3g0001),"Sacude sus ataduras, corta su cordel; libera su corazón.",Cortar las ataduras: el corazón se alegra de veras.
24,樂,Gozo,5,次五,鍾鼓喈喈管絃嚌嚌或承之衰,鍾鼓喈喈樂後悲也,CHANT/TLS 四部叢刊 (Kanripo KR3g0001),"Campanas y tambores, sonoros; flautas y cuerdas, vibrantes; mas alguno hereda el declive.","Campanas y tambores sonoros: tras el gozo, la pena."
24,樂,Gozo,6,次六,大樂無間民神禽鳥之般,大樂無間無不懷也,CHANT/TLS 四部叢刊 (Kanripo KR3g0001),"Gran gozo sin resquicio: el deleite de pueblo, númenes, aves y bestias.",Gran gozo sin resquicio: a todos abriga.
24,樂,Gozo,7,次七,人嘻鬼嘻天要之期,人嘻鬼嘻稱樂畢也,CHANT/TLS 四部叢刊 (Kanripo KR3g0001),"Ríen los hombres, ríen los espíritus; el Cielo fija el plazo acordado.",Ríen hombres y espíritus: el gozo proclamado se acaba.
24,樂,Gozo,8,次八,嘻嘻自懼亡彼愆虞,嘻嘻自懼終自保也,CHANT/TLS 四部叢刊 (Kanripo KR3g0001),"Alegre, alegre, mas temiendo por sí; deja caer su cuita errada. [verso oscuro]",Alegre y temeroso: al fin se guarda a sí mismo.
24,樂,Gozo,9,上九,極樂之幾不移日而悲則哭泣之𨲠資,極樂之幾信可悔也,CHANT/TLS 四部叢刊 (Kanripo KR3g0001),"El filo del gozo extremo; sin mudar el día, la pena; y luego el precio del llanto. [verso oscuro]",El filo del gozo extremo: de veras es de lamentar.
25,爭,Disputa,0,首辭,陽氣氾施不偏不頗物與爭訟各遵其儀,,CHANT/TLS 四部叢刊 (Kanripo KR3g0001),"El aliento yang se derrama sin sesgo ni parcialidad; los seres pleitean, cada uno según su norma.",
25,爭,Disputa,1,初一,爭不爭隱冥,爭不爭道之素也,CHANT/TLS 四部叢刊 (Kanripo KR3g0001),Disputa sin disputar; oculto en la tiniebla.,Disputar sin disputar: la llaneza de la Vía.
25,爭,Disputa,2,次二,赫河臞,赫河之臞何可怙也,CHANT/TLS 四部叢刊 (Kanripo KR3g0001),"El río deslumbrante, enjuto. [verso oscuro]",El río enjuto: ¿en qué fiarse de él?
25,爭,Disputa,3,次三,爭射齦齦,爭射誾誾君子讓鄰也,CHANT/TLS 四部叢刊 (Kanripo KR3g0001),"Disputan y se disparan, porfiando, porfiando.",Disputar porfiando: el noble cede a su vecino.
25,爭,Disputa,4,次四,爭小利不酋貞,小利不絕正道乃昏也,CHANT/TLS 四部叢刊 (Kanripo KR3g0001),Disputa por poca ganancia; rectitud no cumplida.,Poca ganancia no renunciada: entonces el recto camino se oscurece.
25,爭,Disputa,5,次五,爭于逵利以無方,爭于逵爭處中也,CHANT/TLS 四部叢刊 (Kanripo KR3g0001),Disputa en la calzada; propicio por no tomar bando.,Disputar en la calzada: disputa desde el centro.
25,爭,Disputa,6,次六,臂膊脛如股腳䐜如維身之疾,臂脛如股臣大隆也,CHANT/TLS 四部叢刊 (Kanripo KR3g0001),"Brazo y hombro, la espinilla como el muslo, el pie hinchado: no es más que dolencia del cuerpo.",Espinilla como muslo: el ministro se agranda en exceso.
25,爭,Disputa,7,次七,爭干及矛䩜用亨于王前行,干矛之爭衛君躬也,CHANT/TLS 四部叢刊 (Kanripo KR3g0001),"Disputa con escudo y lanza, con vaina; usado, ofrecido ante el rey, avanza. [verso oscuro]",La disputa de escudo y lanza: guarda la persona del señor.
25,爭,Disputa,8,次八,狼盈口矢在其後,狼盈口不顧害也,CHANT/TLS 四部叢刊 (Kanripo KR3g0001),El lobo con la boca llena; la flecha está a su espalda.,El lobo con la boca llena: ciego al daño.
25,爭,Disputa,9,上九,兩虎相牙知掣者全,兩虎相牙知所制也,CHANT/TLS 四部叢刊 (Kanripo KR3g0001),Dos tigres enseñándose los colmillos; el que sabe contenerse queda entero.,Dos tigres frente a frente: sabe dónde refrenarse.
26,務,Empeño,0,首辭,陽氣勉務物咸若其心而揔其事,,CHANT/TLS 四部叢刊 (Kanripo KR3g0001),El aliento yang se afana; los seres conforman su corazón y recogen sus asuntos.,
26,務,Empeño,1,初一,始務無方小人亦用罔,始務無方非小人所理也,CHANT/TLS 四部叢刊 (Kanripo KR3g0001),Empieza el afán sin método; también el hombre pequeño obra en vano.,Afán sin método al empezar: no es lo que el hombre pequeño gobierna.
26,務,Empeño,2,次二,新鮮自求珍絜精其芳君子攸行,新鮮自求光于己也,CHANT/TLS 四部叢刊 (Kanripo KR3g0001),"Fresco y nuevo, se busca a sí mismo; atesora pureza, afina su fragancia: es el andar del noble.",Fresco y nuevo por sí mismo: brilla por su propia obra.
26,務,Empeño,3,次三,不拘不掣其心腐且敗,不拘不掣其體不全也,CHANT/TLS 四部叢刊 (Kanripo KR3g0001),Ni sujeto ni tirado; su corazón se pudre y se echa a perder.,Ni sujeto ni tirado: el cuerpo no está entero.
26,務,Empeño,4,次四,見矢自升利羽之朋蓋戴車載,矢及蓋厥道然也,CHANT/TLS 四部叢刊 (Kanripo KR3g0001),"Ve la flecha alzarse sola; los de pluma prosperan; dosel enarbolado, carro cargado. [verso oscuro]",Flecha y dosel: así es su camino.
26,務,Empeño,5,次五,蜘蛛之務不如蠶之緰,蜘蛛之務無益人也,CHANT/TLS 四部叢刊 (Kanripo KR3g0001),El afán de la araña no vale como el hilo del gusano de seda.,El afán de la araña: no aprovecha a los hombres.
26,務,Empeño,6,次六,華實芳若用則臧若,華芳用臧利當年也,CHANT/TLS 四部叢刊 (Kanripo KR3g0001),"Flor y fruto, fragantes; si se usan, buenos.",Flor fragante bien usada: provecho para el año presente.
26,務,Empeño,7,次七,喪其芳無攸往,喪其芳德以衰也,CHANT/TLS 四部叢刊 (Kanripo KR3g0001),Pierde su fragancia; no hay adónde ir.,Perder la fragancia: la virtud decae.
26,務,Empeño,8,次八,黃中免于禍貞,黃中免禍和以正也,CHANT/TLS 四部叢刊 (Kanripo KR3g0001),El amarillo del centro se libra de la desgracia: recto.,El justo medio que se libra: concordia por la rectitud.
26,務,Empeño,9,上九,務成自敗雨成自隊,務成自敗非厥命也,CHANT/TLS 四部叢刊 (Kanripo KR3g0001),Forzar el logro y arruinarse; la lluvia se forma y cae de suyo.,"Forzar el logro y arruinarse: no es su destino, sino él mismo."
27,事,Deberes,0,首辭,陽氣大勗昭職物則信信各致其力,,CHANT/TLS 四部叢刊 (Kanripo KR3g0001),"El aliento yang alienta con fuerza y esclarece los deberes; los seres, fieles y fieles, cada uno rinde su esfuerzo.",
27,事,Deberes,1,初一,事無事至無不事,事無事以道行也,CHANT/TLS 四部叢刊 (Kanripo KR3g0001),Atiende los asuntos sin ajetreo; y así nada queda sin atender.,Asuntos sin ajetreo: procede por la Vía.
27,事,Deberes,2,次二,事在樞不咨不諏喪其哲符,不咨不諏其知亡也,CHANT/TLS 四部叢刊 (Kanripo KR3g0001),"El asunto en el eje; sin consultar, sin preguntar, pierde su prenda de sabiduría.",Sin consultar ni preguntar: su saber se pierde.
27,事,Deberes,3,次三,時往時來間不容氂,時往時來不失趣也,CHANT/TLS 四部叢刊 (Kanripo KR3g0001),"El momento va, el momento viene; el intersticio no admite un pelo.",El momento que va y viene: no yerra el propósito.
27,事,Deberes,4,次四,男女事不代之字,男女事非厥務也,CHANT/TLS 四部叢刊 (Kanripo KR3g0001),"Asunto de hombre y mujer, que no se hace por otro. [verso oscuro]",Asunto de hombre y mujer: no es su tarea propia.
27,事,Deberes,5,次五,事其事王假之食,事其事職所任也,CHANT/TLS 四部叢刊 (Kanripo KR3g0001),Atiende su asunto; el rey le concede el sustento.,Atender su asunto: el encargo que su oficio sostiene.
27,事,Deberes,6,次六,任大自事方來不救,任大自事奚可堪也,CHANT/TLS 四部叢刊 (Kanripo KR3g0001),Carga excesiva y aun así lo hace solo; llega el apuro y no hay salvación.,Carga excesiva a solas: ¿cómo va a poder con ella?
27,事,Deberes,7,次七,丈人扶孤豎子提壺,丈人扶孤小子知方也,CHANT/TLS 四部叢刊 (Kanripo KR3g0001),El anciano sostiene al huérfano; el mozo carga el jarro.,El anciano que sostiene al huérfano: el mozo aprende el buen rumbo.
27,事,Deberes,8,次八,女男事十年不誨,女男事終家不亨也,CHANT/TLS 四部叢刊 (Kanripo KR3g0001),Asunto de mujer y hombre; diez años sin fruto.,Asunto invertido: al final la casa no prospera.
27,事,Deberes,9,上九,到耳順止事貞,到耳順止逆聞順行也,CHANT/TLS 四部叢刊 (Kanripo KR3g0001),"Llega al oído, obedece, se detiene; el asunto, recto. [verso oscuro]","Oído a contrapelo, obrado a favor de pelo."
28,更,Cambio,0,首辭,陽氣既飛變勢易形物改其靈,,CHANT/TLS 四部叢刊 (Kanripo KR3g0001),"El aliento yang ya vuela; cambia el ímpetu, muda la forma; los seres alteran su numen.",
28,更,Cambio,1,初一,冥化否貞若性,冥化否貞少更方也,CHANT/TLS 四部叢刊 (Kanripo KR3g0001),"Transformación oscura: no; recto, como por naturaleza.",Transformación oscura: poco cambia su rumbo.
28,更,Cambio,2,次二,時七時九軫轉其道,時七時九不失當也,CHANT/TLS 四部叢刊 (Kanripo KR3g0001),"Ora siete, ora nueve; el eje gira su curso.","Ora siete, ora nueve: no yerra lo oportuno."
28,更,Cambio,3,次三,化白于泥淄,化白于泥變不明也,CHANT/TLS 四部叢刊 (Kanripo KR3g0001),Volver blanco en el barro negro. [imposible],Volver blanco en el barro: el cambio no cuaja.
28,更,Cambio,4,次四,更之小得用無不利,更之小得民所望也,CHANT/TLS 四部叢刊 (Kanripo KR3g0001),"Cámbialo un poco, y gana; usado, nada le es adverso.",Cambio pequeño con ganancia: lo que el pueblo anhela.
28,更,Cambio,5,次五,童牛角馬不今不古,童牛角馬變天常也,CHANT/TLS 四部叢刊 (Kanripo KR3g0001),"Ternero sin cuernos, caballo con cuernos; ni de hoy ni de antaño.",Ternero y caballo trastocados: altera la constancia del Cielo.
28,更,Cambio,6,次六,入水載車出水載杭宜于王之更,車杭出入其道更也,CHANT/TLS 四部叢刊 (Kanripo KR3g0001),"En el agua, usa el carro; fuera del agua, usa la barca; conviene a las reformas del rey.",Carro y barca según entra o sale: su vía es cambiar.
28,更,Cambio,7,次七,更不更以作病,更不更不能自臧也,CHANT/TLS 四部叢刊 (Kanripo KR3g0001),"Cambia lo que no debía cambiar, y así engendra la dolencia.",Cambiar lo que no: no puede hacerse bueno a sí mismo.
28,更,Cambio,8,次八,駟馬跙跙而更其御,駟馬跙跙更御乃良也,CHANT/TLS 四部叢刊 (Kanripo KR3g0001),El tiro de cuatro caballos tropezando; por eso cambia al cochero.,El tiro que tropieza: cambiar de cochero es lo bueno.
28,更,Cambio,9,上九,不終其德三歲見代,不終之代不可長也,CHANT/TLS 四部叢刊 (Kanripo KR3g0001),No lleva su virtud hasta el fin; en tres años lo reemplazan.,Relevo del que no persevera: no puede durar.
29,斷,Decisión,0,首辭,陽氣彊內而剛外動而能有斷決,,CHANT/TLS 四部叢刊 (Kanripo KR3g0001),"El aliento yang, fuerte por dentro y duro por fuera; al moverse, sabe decidir y resolver.",
29,斷,Decisión,1,初一,斷心滅斧冥其繩矩,斷心滅斧內自治也,CHANT/TLS 四部叢刊 (Kanripo KR3g0001),"Decide en el corazón, aparta el hacha; interioriza su cuerda y su escuadra.",Decidir en el corazón: se gobierna por dentro.
29,斷,Decisión,2,次二,冥斷否在塞耳,冥斷否中心疑也,CHANT/TLS 四部叢刊 (Kanripo KR3g0001),Decisión oscura: no; está en el oído tapado.,Decisión oscura: el corazón íntimo duda.
29,斷,Decisión,3,次三,決其聾𪖣利以治穢,決其聾𪖣利有謀也,CHANT/TLS 四部叢刊 (Kanripo KR3g0001),Despeja su sordera y su nariz tupida; propicio para limpiar la inmundicia.,Despejar la sordera: propicio tener un plan.
29,斷,Decisión,4,次四,斷我否食非其有恥,斷我否食可恥也,CHANT/TLS 四部叢刊 (Kanripo KR3g0001),¿Cortarme? no; comer lo que no es suyo: vergüenza.,Comer lo ajeno: vergonzoso.
29,斷,Decisión,5,次五,大腹決其股脫君子有斷小人以活,太腹決脫斷得理也,CHANT/TLS 四部叢刊 (Kanripo KR3g0001),"El gran vientre cortado, su muslo suelto; el noble tiene resolución, el hombre pequeño así vive. [verso oscuro]",Cortar y soltar: decidir da con el principio.
29,斷,Decisión,6,次六,決不決爾仇不闊乃後有鉞,決不決辜及身也,CHANT/TLS 四部叢刊 (Kanripo KR3g0001),"Decide lo que no debía; tu enemigo no está lejos; luego, después, viene el hacha.",Decidir lo que no: la culpa alcanza a la persona.
29,斷,Decisión,7,次七,庚斷甲我心孔碩乃後有鑠,庚斷甲義斷仁也,CHANT/TLS 四部叢刊 (Kanripo KR3g0001),"El metal corta la coraza; mi corazón muy grande; luego, después, viene la fundición. [verso oscuro]",El metal que corta lo primero: la justicia corta a la clemencia.
29,斷,Decisión,8,次八,勇侏之傠盜蒙決夬,盜蒙之決妄斷也,CHANT/TLS 四部叢刊 (Kanripo KR3g0001),La bravata del enano valiente; el ladrón en lo oscuro decide sin freno. [verso oscuro],La decisión del ladrón: un fallo temerario.
29,斷,Decisión,9,上九,斧刃蛾蛾利匠人之貞,蛾蛾之斧利征亂也,CHANT/TLS 四部叢刊 (Kanripo KR3g0001),"El filo del hacha, fino y agudo; propicio a la rectitud del artesano.",El hacha fina y aguda: propicia para batir el desorden.
30,毅,Resolución Audaz,0,首辭,陽氣方良毅然敢行物信其志,,CHANT/TLS 四部叢刊 (Kanripo KR3g0001),El aliento yang en su buen punto; con audacia se atreve a obrar; los seres confían en su voluntad.,
30,毅,Resolución Audaz,1,初一,懷威滿虛,懷威滿虛道德亡也,CHANT/TLS 四部叢刊 (Kanripo KR3g0001),"Alberga fiereza, colmando el vacío.",Fiereza que colma el vacío: la Vía y la virtud se pierden.
30,毅,Resolución Audaz,2,次二,毅于心腹貞,毅于心腹內堅剛也,CHANT/TLS 四部叢刊 (Kanripo KR3g0001),Audaz en el corazón y el vientre: recto.,Audaz en corazón y vientre: firme y duro por dentro.
30,毅,Resolución Audaz,3,次三,戴威滿頭君子不足小人有餘,戴威滿頭小人所長也,CHANT/TLS 四部叢刊 (Kanripo KR3g0001),"Lleva la fiereza colmándole la cabeza; el noble se queda corto, el hombre pequeño le sobra.",Fiereza que colma la cabeza: el fuerte del hombre pequeño.
30,毅,Resolución Audaz,4,次四,君子說器其言柔且毅,君子說器言有方也,CHANT/TLS 四部叢刊 (Kanripo KR3g0001),"El noble expone la cosa; su palabra, blanda y a la vez firme.",El noble que expone: su palabra tiene método.
30,毅,Resolución Audaz,5,次五,不田而穀毅于揀祿,不田而穀食不當也,CHANT/TLS 四部叢刊 (Kanripo KR3g0001),"Sin labrar, tiene grano; audaz en escoger su paga.",Grano sin labrar: el sustento no le corresponde.
30,毅,Resolución Audaz,6,次六,毅于棟柱利安大主,毅于棟柱國任彊也,CHANT/TLS 四部叢刊 (Kanripo KR3g0001),Firme como viga y pilar; propicio para asentar al gran señor.,Firme como viga y pilar: el encargo del reino es fuerte.
30,毅,Resolución Audaz,7,次七,觥羊之毅鳴不類,觥羊之毅言不法也,CHANT/TLS 四部叢刊 (Kanripo KR3g0001),La audacia del carnero de gran cuerno; su bramido no es de su casta.,La audacia del carnero: sus palabras sin ley.
30,毅,Resolución Audaz,8,次八,毅于禍貞君子攸名,毅于禍貞不可幽蔀也,CHANT/TLS 四部叢刊 (Kanripo KR3g0001),"Firme en la desgracia, recto: el renombre del noble.",Firme y recto en la desgracia: no se le puede ensombrecer.
30,毅,Resolución Audaz,9,上九,豨毅其牙發以張弧,豨毅其牙吏所獵也,CHANT/TLS 四部叢刊 (Kanripo KR3g0001),"El jabalí saca audaz su colmillo; se lanza, y se tensa el arco.",El jabalí que saca el colmillo: lo que caza el montero.
31,裝,Reunir,0,首辭,陽氣雖大用事微陰據下裝而欲去,,CHANT/TLS 四部叢刊 (Kanripo KR3g0001),"Aunque el aliento yang es grande, su obra ya es tenue; el yin ocupa lo bajo; hace el equipaje y quiere partir.",
31,裝,Reunir,1,初一,幽裝莫見之行,幽裝莫見心已外也,CHANT/TLS 四部叢刊 (Kanripo KR3g0001),Hace el equipaje en secreto; nadie ve la marcha.,Equipaje secreto: el corazón ya está afuera.
31,裝,Reunir,2,次二,𪃿鵝慘于冰翼彼南風內懷其乘,𪃿鵝之慘懷憂無快也,CHANT/TLS 四部叢刊 (Kanripo KR3g0001),"El ganso se aflige sobre el hielo, las alas hacia el viento del sur, guardando dentro su partir. [verso oscuro]","La aflicción del ganso: guarda pena, sin gozo."
31,裝,Reunir,3,次三,往其志或承之喜,往其志遇所快也,CHANT/TLS 四部叢刊 (Kanripo KR3g0001),Va tras su anhelo; alguno hereda por ello la alegría.,Ir tras su anhelo: encuentra lo que lo alegra.
31,裝,Reunir,4,次四,鶤雞朝飛踤于北嚶嚶相和不輟食,鶤雞朝飛何足賴也,CHANT/TLS 四部叢刊 (Kanripo KR3g0001),"El ave grande vuela al alba, se posa al norte; piando, piando a coro, sin dejar de comer.",El ave que vuela al alba: ¿en qué fiarse de ella?
31,裝,Reunir,5,次五,鴻裝于淄飲食頤頤,鴻裝于淄大將得志也,CHANT/TLS 四部叢刊 (Kanripo KR3g0001),"El cisne se apresta sobre el agua negra, comiendo y bebiendo a sus anchas.",El cisne que se apresta: el grande alcanzará su anhelo.
31,裝,Reunir,6,次六,經六衢周九路不限其行賈,經六衢商旅事也,CHANT/TLS 四部叢刊 (Kanripo KR3g0001),"Recorre las seis encrucijadas, rodea los nueve caminos; no pone límite a sus viajes de comercio.",Recorrer las seis encrucijadas: el asunto del mercader viajero.
31,裝,Reunir,7,次七,裝無㒧利征咎,裝無㒧禍且至也,CHANT/TLS 四部叢刊 (Kanripo KR3g0001),Hace el equipaje sin compañero; propicio marchar: falta. [verso oscuro],Equipaje sin compañero: la desgracia está por llegar.
31,裝,Reunir,8,次八,季仲播軌泣于道用送厥往,季仲播軌送其死也,CHANT/TLS 四部叢刊 (Kanripo KR3g0001),"El menor y el mediano esparcen las rodadas, llorando en el camino, para despedir su partida.",Esparcir las rodadas: despiden su muerte.
31,裝,Reunir,9,上九,裝于昏,裝于昏尚可避也,CHANT/TLS 四部叢刊 (Kanripo KR3g0001),Hace el equipaje al anochecer.,Equipaje al anochecer: aún se puede evitar.
32,衆,Legión,0,首辭,陽氣信高懷齊萬物宣明大眾多,,CHANT/TLS 四部叢刊 (Kanripo KR3g0001),"El aliento yang, alto de veras, alberga concordia; los diez mil seres se despliegan luminosos; grande es la muchedumbre.",
32,衆,Legión,1,初一,冥兵始火入耳農輟馬穀尸將班于田,冥兵之始始則不臧也,CHANT/TLS 四部叢刊 (Kanripo KR3g0001),"Tropa oscura que empieza; el fuego entra en el oído; el labrador se detiene, los caballos comen grano; el que carga los muertos los formará en el campo. [verso oscuro]",El comienzo de la tropa oscura: empezar ya no es bueno.
32,衆,Legión,2,次二,兵無刃師無陳麟或賓之溫,兵無刃德服無方也,CHANT/TLS 四部叢刊 (Kanripo KR3g0001),"Tropa sin filo, hueste sin formación; al unicornio, alguno lo acoge con tibieza.",Tropa sin filo: la virtud somete sin confín.
32,衆,Legión,3,次三,軍或纍車丈人摧孥內蹈之瑕,軍或纍車廟戰內傷也,CHANT/TLS 四部叢刊 (Kanripo KR3g0001),"El ejército, con los carros enredados; el anciano aplasta a los suyos; pisa por dentro sus tachas.",Carros enredados: la guerra en el templo hiere por dentro.
32,衆,Legión,4,次四,虎虓振廞豹勝其祕否,虎虓振廞如鷹之揚也,CHANT/TLS 四部叢刊 (Kanripo KR3g0001),El tigre ruge sacudiéndose; el leopardo vence en secreto: no. [verso oscuro],El tigre que ruge: como el halcón que se remonta.
32,衆,Legión,5,次五,躆戰喈喈若熊若螭,躆戰喈喈恃力作王也,CHANT/TLS 四部叢刊 (Kanripo KR3g0001),"Agazapado para el combate, clamando; como oso, como dragón sin cuerno.",Agazapado y clamando: se fía de la fuerza para hacerse rey.
32,衆,Legión,6,次六,大兵雷霆震其耳維用詘腹,大兵雷霆威震無疆也,CHANT/TLS 四部叢刊 (Kanripo KR3g0001),"Gran tropa como el trueno, sacude el oído; sólo sirve para doblar el vientre.",Gran tropa como el trueno: su poder sacude sin confín.
32,衆,Legión,7,次七,旌旗絓羅干戈蛾蛾師孕唁之哭且䁲,旌旗絓羅大恨民也,CHANT/TLS 四部叢刊 (Kanripo KR3g0001),"Estandartes prendidos en redes, escudos y lanzas finos; la hueste preñada, el llanto del duelo y la mirada fija. [verso oscuro]",Estandartes prendidos en redes: agravia mucho al pueblo.
32,衆,Legión,8,次八,兵衰衰見其病不見輿尸,兵衰衰不血刃也,CHANT/TLS 四部叢刊 (Kanripo KR3g0001),"Tropa que se apaga, se apaga; se ve su mal, no se ve el carro de cadáveres.",Tropa que se apaga: no ensangrienta el filo.
32,衆,Legión,9,上九,斧刃缺其柯折可以止不可以伐往血,刃缺柯折將不足往也,CHANT/TLS 四部叢刊 (Kanripo KR3g0001),"El filo del hacha mellado, su mango roto; puede detener, no puede talar; ir es sangre.",Filo mellado y mango roto: al general le falta con qué avanzar.
33,密,Cercanía,0,首辭,陽氣親天萬物丸蘭咸密無間,,CHANT/TLS 四部叢刊 (Kanripo KR3g0001),"El aliento yang se allega al Cielo; los diez mil seres se aovillan apretados, todos densos, sin resquicio.",
33,密,Cercanía,1,初一,窺之無間大幽之門,窺之無間密無方也,CHANT/TLS 四部叢刊 (Kanripo KR3g0001),Escrútalo sin resquicio: la puerta de la Gran Tiniebla.,Escrutar sin resquicio: cercanía sin confín.
33,密,Cercanía,2,次二,不密不比我心即次,不密不比違厥鄉也,CHANT/TLS 四部叢刊 (Kanripo KR3g0001),Ni cerca ni aliado; mi corazón queda en segundo lugar. [verso oscuro],Ni cerca ni aliado: da la espalda a su tierra.
33,密,Cercanía,3,次三,密于親利以作人,密于親為利臧也,CHANT/TLS 四部叢刊 (Kanripo KR3g0001),Cerca de los suyos; propicio para hacer hombres.,Cerca de los suyos: obra para bien.
33,密,Cercanía,4,次四,密于腥臊三日不覺殽,密于腥臊小惡通也,CHANT/TLS 四部叢刊 (Kanripo KR3g0001),Cerca de lo rancio y fétido; tres días sin advertir el hedor del manjar.,Cerca de lo fétido: el mal pequeño pasa inadvertido.
33,密,Cercanía,5,次五,密密不嬪于天,密密不並天功也,CHANT/TLS 四部叢刊 (Kanripo KR3g0001),"Cerca, cerca, mas no consorte del Cielo. [verso oscuro]","Cerca, cerca: no iguala la obra del Cielo."
33,密,Cercanía,6,次六,大惡之比或益之恤,大惡之比匹異同也,CHANT/TLS 四部叢刊 (Kanripo KR3g0001),Aliado del gran mal; alguno le suma su desvelo. [verso oscuro],Aliado del gran mal: aparea lo distinto y lo igual.
33,密,Cercanía,7,次七,密有口小鰓大君在無後,密口小鰓賴君達也,CHANT/TLS 四部叢刊 (Kanripo KR3g0001),"La cercanía tiene su boca; agallas pequeñas, el gran señor; presente, sin sucesor. [verso oscuro]","Boca cercana, agallas pequeñas: se fía del señor para pasar."
33,密,Cercanía,8,次八,琢齒依齦三歲無君,琢齒依齦君自拔也,CHANT/TLS 四部叢刊 (Kanripo KR3g0001),"Talla los dientes, se aferra a las encías; tres años sin señor.",Tallar los dientes: el señor se arranca a sí mismo.
33,密,Cercanía,9,上九,密禍之比先下後得其死,密禍之比終不可奪也,CHANT/TLS 四部叢刊 (Kanripo KR3g0001),"Aliado de una desgracia cercana; baja primero, y luego encuentra su muerte.",Aliado de la desgracia cercana: al fin no se le puede arrebatar.
34,親,Parentesco,0,首辭,陽方仁愛全真敦篤物咸親睦,,CHANT/TLS 四部叢刊 (Kanripo KR3g0001),"El yang, benévolo y amante, íntegro y sincero, generoso; los seres todos se hermanan en concordia.",
34,親,Parentesco,1,初一,親非其膚其志齟齬,親非其膚中心閑也,CHANT/TLS 四部叢刊 (Kanripo KR3g0001),"Emparentado, mas no hasta la piel; sus voluntades rechinan.","Emparentado, no hasta la piel: el corazón íntimo está atrancado."
34,親,Parentesco,2,次二,孚其肉其志資戚,孚其肉人莫間也,CHANT/TLS 四部叢刊 (Kanripo KR3g0001),Confía en la carne; sus voluntades se estrechan en parentesco.,Confiar en la carne: nadie se interpone.
34,親,Parentesco,3,次三,螟蛉不屬蜾臝取之不迓侮,螟蛉不屬失其體也,CHANT/TLS 四部叢刊 (Kanripo KR3g0001),"La oruga no es de su casta; la avispa la toma, y ella no resiste el agravio.",La oruga que no es de su casta: pierde su propia sustancia.
34,親,Parentesco,4,次四,賓親于禮飲食几几,賓親于禮賓主偕也,CHANT/TLS 四部叢刊 (Kanripo KR3g0001),"Los huéspedes se acercan por el rito; comen y beben, a sus anchas.","Huéspedes por el rito: huésped y anfitrión, juntos."
34,親,Parentesco,5,次五,厚不厚比人將走,厚不厚失類無方也,CHANT/TLS 四部叢刊 (Kanripo KR3g0001),Generoso y no generoso; los que se alían huirán.,Generoso y no generoso: pierde a los suyos sin medida.
34,親,Parentesco,6,次六,厚厚君子秉斗,厚厚君子得人無疆也,CHANT/TLS 四部叢刊 (Kanripo KR3g0001),"Generoso, generoso; el noble empuña el Cazo.","Generoso, generoso: el noble gana a los hombres sin confín."
34,親,Parentesco,7,次七,高亢其位庳於從事,位高事卑德不能也,CHANT/TLS 四部叢刊 (Kanripo KR3g0001),"Alta y encumbrada su posición, mas bajo en llevar los asuntos.","Posición alta, obra baja: la virtud no basta."
34,親,Parentesco,8,次八,肺附乾餱其幹已良君子攸行,肺附之行不我材也,CHANT/TLS 四部叢刊 (Kanripo KR3g0001),Entrañas allegadas con vianda seca; su tronco ya bueno: es el andar del noble. [verso oscuro],El andar de lo allegado: no es de lo que yo me valgo.
34,親,Parentesco,9,上九,童親不貞,童親不貞還自荄也,CHANT/TLS 四部叢刊 (Kanripo KR3g0001),"Cariño pueril, no recto.","Cariño pueril, no recto: vuelve por sí a su raíz."
35,斂,Congregación,0,首辭,陽氣大滿於外微陰小斂於內,,CHANT/TLS 四部叢刊 (Kanripo KR3g0001),"El aliento yang, plenísimo por fuera; el yin tenue recoge un poco por dentro.",
35,斂,Congregación,1,初一,小斂不貣利用安人正國,小斂不貣其道當也,CHANT/TLS 四部叢刊 (Kanripo KR3g0001),Pequeña recogida sin yerro; propicio para asentar a los hombres y ordenar el reino.,Pequeña recogida sin yerro: su vía es la justa.
35,斂,Congregación,2,次二,墨斂韱韱𥧲我匪貞,墨斂韱韱非所以光也,CHANT/TLS 四部叢刊 (Kanripo KR3g0001),"Recogida entintada, fina y sutil; hurgando en mí: no recto.",Recogida entintada y sutil: no es modo de brillar.
35,斂,Congregación,3,次三,見小勿用以我扶䟽,見小勿用俟我大也,CHANT/TLS 四部叢刊 (Kanripo KR3g0001),Ves lo pequeño: no lo uses; usa a mí para apuntalar lo ralo. [verso oscuro],Ves lo pequeño: aguarda mi grandeza.
35,斂,Congregación,4,次四,斂利小刑小進大退,斂利小刑其正退也,CHANT/TLS 四部叢刊 (Kanripo KR3g0001),"Recoge ganancia, castigo pequeño; poco avanza, mucho se retira.",Recoger ganancia con castigo pequeño: su rumbo recto es retirarse.
35,斂,Congregación,5,次五,畜槃而衍繭純于田,畜槃繭純不奪時也,CHANT/TLS 四部叢刊 (Kanripo KR3g0001),"Colma la bandeja y desborda; los capullos, puros en el campo.","Bandeja colmada, capullos puros: no roba la estación."
35,斂,Congregación,6,次六,閔而緜而作大元而小人不戒,閔緜之戒不識微也,CHANT/TLS 四部叢刊 (Kanripo KR3g0001),Compasivo y prolongado; lo hace grande desde el principio; mas el hombre pequeño no escarmienta.,El aviso de lo prolongado: no reconoce lo sutil.
35,斂,Congregación,7,次七,夫牽于車妻為剝荼利于王姑不利公家病,牽車剝荼斂之資也,CHANT/TLS 四部叢刊 (Kanripo KR3g0001),"El marido tira del carro, la esposa arranca la hierba amarga; propicio para la tía del rey, no para la casa ducal: dolencia. [verso oscuro]",Tirar del carro y arrancar la hierba: la materia de la recogida.
35,斂,Congregación,8,次八,大斂大巔,大斂之巔所斂非也,CHANT/TLS 四部叢刊 (Kanripo KR3g0001),"Gran recogida, gran desplome.",Gran desplome: lo que recogió estaba mal.
35,斂,Congregación,9,上九,斂于時利圉極菑,斂于時奚可幾也,CHANT/TLS 四部叢刊 (Kanripo KR3g0001),Recoge a su tiempo; propicio guardarse del colmo de la calamidad.,Recoger a tiempo: ¿cómo va a peligrar?
36,彊,Fuerza,0,首辭,陽氣純剛乾乾萬物莫不彊梁,,CHANT/TLS 四部叢刊 (Kanripo KR3g0001),"El aliento yang, puramente duro, incesante; no hay de los diez mil seres que no sea recio.",
36,彊,Fuerza,1,初一,彊中否貞無攸用,彊中否貞不可與謀也,CHANT/TLS 四部叢刊 (Kanripo KR3g0001),"Fuerte en el centro: no; recto, mas sin dónde emplearlo.",Fuerte en el centro que no: no se puede tramar con él.
36,彊,Fuerza,2,次二,鳳鳥于飛脩其羽君子于辰終莫之圉,鳳鳥于飛君子得時也,CHANT/TLS 四部叢刊 (Kanripo KR3g0001),"El fénix en vuelo, alisando sus plumas; el noble en su hora: nadie al fin lo ataja.",El fénix en vuelo: el noble alcanza su hora.
36,彊,Fuerza,3,次三,柱不中梁不隆大廈微,柱不中不能正基也,CHANT/TLS 四部叢刊 (Kanripo KR3g0001),"El pilar descentrado, la viga sin alzar; la gran mansión flaquea.",El pilar descentrado: no puede enderezar el cimiento.
36,彊,Fuerza,4,次四,爰聰爰明左右橿橿,爰聰爰明庶士方來也,CHANT/TLS 四部叢刊 (Kanripo KR3g0001),"Así de fino el oído, así de claro el ojo; a diestra y siniestra, firmes.","Fino el oído, claro el ojo: la hueste de hombres acude."
36,彊,Fuerza,5,次五,君子彊梁以德小人彊梁以力,小人彊梁得位益尤也,CHANT/TLS 四部叢刊 (Kanripo KR3g0001),"El noble es fuerte por la virtud, el hombre pequeño es fuerte por la fuerza.","El pequeño fuerte por la fuerza: gana puesto, y suma faltas."
36,彊,Fuerza,6,次六,克我彊梁于天無疆,克我彊梁大美無基也,CHANT/TLS 四部叢刊 (Kanripo KR3g0001),"Me vence por la fuerza; hasta el Cielo, sin confín.",Vencerme por la fuerza: gran hermosura sin cimiento.
36,彊,Fuerza,7,次七,金剛肉柔血流于田,金剛肉柔法太傷也,CHANT/TLS 四部叢刊 (Kanripo KR3g0001),"Metal duro, carne blanda; la sangre corre por el campo.","Metal duro, carne blanda: la ley hiere en demasía."
36,彊,Fuerza,8,次八,彊其衰勉其弱,彊其衰勉自彊也,CHANT/TLS 四部叢刊 (Kanripo KR3g0001),"Refuerza su declive, espolea su flaqueza.",Refuerza su declive: se espolea a sí mismo a la fuerza.
36,彊,Fuerza,9,上九,太山拔梁柱折其人顛且蹶,山拔梁折終以猛也,CHANT/TLS 四部叢刊 (Kanripo KR3g0001),"El monte Tài se arranca, viga y pilar se quiebran; el hombre cae y tropieza.","Monte arrancado, viga rota: al fin, por la fiereza."
37,睟,Pureza,0,首辭,陽氣𥘩睟清明物咸重光保厥昭陽,,CHANT/TLS 四部叢刊 (Kanripo KR3g0001),"El aliento yang, límpido y claro; los seres doblan su luz, guardando su yang resplandeciente.",
37,睟,Pureza,1,初一,睟于內清無穢,睟于內清無穢也,CHANT/TLS 四部叢刊 (Kanripo KR3g0001),"Radiante por dentro, límpido, sin mancha.","Radiante por dentro: límpido, sin mancha."
37,睟,Pureza,2,次二,冥駮冒睟𥅡于中,冥駮冒睟中自瘱也,CHANT/TLS 四部叢刊 (Kanripo KR3g0001),"Oscuro y moteado, velando la radiancia; nublado por dentro. [verso oscuro]",Velar la radiancia: por dentro se recoge en silencio.
37,睟,Pureza,3,次三,目上于天耳下于淵恭,目上耳下聰察極也,CHANT/TLS 四部叢刊 (Kanripo KR3g0001),"Los ojos arriba, al Cielo; los oídos abajo, al abismo: reverente.","Ojos arriba, oídos abajo: agudeza en su colmo."
37,睟,Pureza,4,次四,小人慕睟失祿貞,小人慕睟道不得也,CHANT/TLS 四部叢刊 (Kanripo KR3g0001),El hombre pequeño ansía la radiancia; pierde su paga: recto.,El pequeño que ansía la radiancia: no alcanza la Vía.
37,睟,Pureza,5,次五,睟于幽黃元貞無方,睟于幽黃正地則也,CHANT/TLS 四部叢刊 (Kanripo KR3g0001),Radiante en el amarillo oculto; rectitud primordial sin confín.,Radiante en el amarillo oculto: la ley verdadera de la Tierra.
37,睟,Pureza,6,次六,大睟承愆易,大睟承愆小人不克也,CHANT/TLS 四部叢刊 (Kanripo KR3g0001),"Gran radiancia que hereda una falta, con soltura.",Gran radiancia con falta: el pequeño no puede con ella.
37,睟,Pureza,7,次七,睟辰愆君子補愆,睟辰愆善補過也,CHANT/TLS 四部叢刊 (Kanripo KR3g0001),Hora radiante con tacha; el noble repara la tacha.,Hora radiante con tacha: diestro en enmendar el yerro.
37,睟,Pureza,8,次八,睟惡無善,睟惡無善終不可佐也,CHANT/TLS 四部叢刊 (Kanripo KR3g0001),"Radiancia vuelta mal, sin bien.",Radiancia sin bien: al fin no se le puede asistir.
37,睟,Pureza,9,上九,睟終永初貞,睟終之貞誠可嘉也,CHANT/TLS 四部叢刊 (Kanripo KR3g0001),"Radiante hasta el fin, por siempre como al comienzo: recto.",Radiante hasta el fin: de veras es de alabar.
38,盛,Plenitud,0,首辭,陽氣隆盛充塞物窴然盡滿厥意,,CHANT/TLS 四部叢刊 (Kanripo KR3g0001),"El aliento yang, exuberante y colmado, lo llena todo; los seres, henchidos, sacian por entero su intención.",
38,盛,Plenitud,1,初一,盛不墨失冥德,盛不墨中不自克也,CHANT/TLS 四部叢刊 (Kanripo KR3g0001),"Pleno, mas sin freno; pierde la virtud oscura.",Pleno sin freno: el centro no se domina.
38,盛,Plenitud,2,次二,作不恃克大有,作不恃稱玄德也,CHANT/TLS 四部叢刊 (Kanripo KR3g0001),Obra sin fiarse de ello; domina la Gran Posesión.,Obrar sin fiarse: iguala la virtud oscura.
38,盛,Plenitud,3,次三,懷利滿匈不利于公,懷利滿匈營私門也,CHANT/TLS 四部叢刊 (Kanripo KR3g0001),Alberga la ganancia colmándole el pecho; no aprovecha a lo público.,Ganancia que colma el pecho: intriga por su puerta privada.
38,盛,Plenitud,4,次四,小盛臣臣大人之門,小盛臣臣事仁賢也,CHANT/TLS 四部叢刊 (Kanripo KR3g0001),"Pequeña plenitud, servicial, servicial: la puerta del gran hombre.",Pequeña plenitud servicial: sirve al benévolo y digno.
38,盛,Plenitud,5,次五,何福滿肩提禍撣撣,何福提禍小人之道也,CHANT/TLS 四部叢刊 (Kanripo KR3g0001),"¿Qué dicha le colma el hombro? Carga la desgracia, colgando, colgando.",¿Qué dicha? Carga la desgracia: la vía del hombre pequeño.
38,盛,Plenitud,6,次六,天錫之光大開之疆于謙有慶,天錫之光謙大有也,CHANT/TLS 四部叢刊 (Kanripo KR3g0001),"El Cielo le concede la luz, le abre ancha su linde; en la humildad hay dicha.",La luz que el Cielo concede: la humildad es la Gran Posesión.
38,盛,Plenitud,7,次七,乘火寒泉至,乘火泉至禍不遠也,CHANT/TLS 四部叢刊 (Kanripo KR3g0001),Cabalga el fuego; llega la fuente helada.,"Cabalgar el fuego, llegar la fuente: la desgracia no está lejos."
38,盛,Plenitud,8,次八,挹于滿熒幾後之傾,挹于滿幾危也,CHANT/TLS 四部叢刊 (Kanripo KR3g0001),"Achica de lo lleno, reluciente; al borde, y luego se vuelca.",Achicar de lo lleno: al borde del peligro.
38,盛,Plenitud,9,上九,極盛不救禍降自天,極盛不救天道反也,CHANT/TLS 四部叢刊 (Kanripo KR3g0001),"Plenitud en su colmo, sin remedio; la desgracia baja del Cielo.",Plenitud sin remedio: la Vía del Cielo se invierte.
39,居,Residencia,0,首辭,陽方躆膚赫赫為物城郭物咸得度,,CHANT/TLS 四部叢刊 (Kanripo KR3g0001),"El yang, agazapado, la piel encendida, hace de muralla a los seres; todos alcanzan su medida.",
39,居,Residencia,1,初一,匪譽匪咎克守厥家,匪譽匪咎其道常也,CHANT/TLS 四部叢刊 (Kanripo KR3g0001),Ni elogio ni reproche; sabe guardar su casa.,Ni elogio ni reproche: su vía es constante.
39,居,Residencia,2,次二,家無壺婦承之姑或洗之塗,家無壺無以相承也,CHANT/TLS 四部叢刊 (Kanripo KR3g0001),La casa sin cántaro; la esposa lo hereda de la suegra; alguno le lava el barro. [verso oscuro],La casa sin cántaro: nada que transmitirse.
39,居,Residencia,3,次三,長幼序序子克父,子克父乃能有興也,CHANT/TLS 四部叢刊 (Kanripo KR3g0001),"Mayores y menores en orden, en orden; el hijo supera al padre.",El hijo que supera al padre: entonces puede haber auge.
39,居,Residencia,4,次四,見豕在堂狗繫之迒,見豕在堂其體不慶也,CHANT/TLS 四部叢刊 (Kanripo KR3g0001),Ve un cerdo en el salón; el perro atado a su rastro. [verso oscuro],Un cerdo en el salón: su estado no da alegría.
39,居,Residencia,5,次五,舳艫調安利富貞,舳艫安和順其疆也,CHANT/TLS 四部叢刊 (Kanripo KR3g0001),"Proa y popa acompasadas y firmes; propicio, próspero: recto.",Proa y popa serenas: suave dentro de sus lindes.
39,居,Residencia,6,次六,外其井竈三歲見背,外其井竈三歲不享也,CHANT/TLS 四部叢刊 (Kanripo KR3g0001),Deja fuera su pozo y su fogón; en tres años lo abandonan.,Fuera pozo y fogón: tres años sin ofrenda.
39,居,Residencia,7,次七,老夫擐車少女提壺利考家,老父擐車其體乃莊也,CHANT/TLS 四部叢刊 (Kanripo KR3g0001),"El viejo unce el carro, la muchacha carga el jarro; propicio para la casa del anciano.",El viejo que unce el carro: su porte es digno.
39,居,Residencia,8,次八,反其几雙其朼其家不旨,反几雙朼家用不臧也,CHANT/TLS 四部叢刊 (Kanripo KR3g0001),"Vuelca su mesa, dobla sus cucharas; su casa sin sabor. [verso oscuro]","Mesa volcada, cucharas dobladas: el uso de la casa no es bueno."
39,居,Residencia,9,上九,株生蘖其種不絕,株生蘖其類乃長也,CHANT/TLS 四部叢刊 (Kanripo KR3g0001),El tocón echa retoños; su simiente no se extingue.,El tocón que retoña: su casta entonces perdura.
40,法,Ley / Modelo,0,首辭,陽高縣厥法物仰其墨莫不被則,,CHANT/TLS 四部叢刊 (Kanripo KR3g0001),El yang cuelga en alto su ley; los seres alzan la mirada a su plomada; ninguno queda sin norma.,
40,法,Ley / Modelo,1,初一,造法不法,造法不法不足用也,CHANT/TLS 四部叢刊 (Kanripo KR3g0001),Hace una ley que no es ley.,Ley que no es ley: no sirve para usarse.
40,法,Ley / Modelo,2,次二,摹法以中克,摹法以中眾之所共也,CHANT/TLS 四部叢刊 (Kanripo KR3g0001),"Calca la ley por el centro, y prevalece.",Calcar la ley por el centro: lo que la multitud comparte.
40,法,Ley / Modelo,3,次三,準繩不甫亡其規矩,準繩不甫其用爽也,CHANT/TLS 四部叢刊 (Kanripo KR3g0001),Nivel y cuerda sin tender; pierde su compás y su escuadra.,Nivel y cuerda sin tender: su uso se tuerce.
40,法,Ley / Modelo,4,次四,準繩規矩莫違我施,準繩規矩由身行也,CHANT/TLS 四部叢刊 (Kanripo KR3g0001),"Nivel, cuerda, compás, escuadra: nada contraviene mi disposición.","Nivel, cuerda, compás, escuadra: proceden de la propia persona."
40,法,Ley / Modelo,5,次五,繘陸陸缾窴腹井潢洋終不得食,缾窴腹非學方也,CHANT/TLS 四部叢刊 (Kanripo KR3g0001),"La soga del pozo chirría y chirría; el cántaro llena su vientre; el pozo rebosa: y al fin, sin beber. [verso oscuro]",El cántaro que llena su vientre: no es el modo de aprender.
40,法,Ley / Modelo,6,次六,于紀于綱示以貞光,于紀于綱大統明也,CHANT/TLS 四部叢刊 (Kanripo KR3g0001),"En las hebras rectoras, en la cuerda maestra; se muestra con luz recta.",En hebras y cuerda maestra: el gran orden se aclara.
40,法,Ley / Modelo,7,次七,密網離于淵不利于鱗,密網離淵苛法張也,CHANT/TLS 四部叢刊 (Kanripo KR3g0001),La red tupida tendida en el abismo; no aprovecha a los de escama.,Red tupida en el abismo: la ley severa desplegada.
40,法,Ley / Modelo,8,次八,正彼有辜格我無邪,正彼有辜敺而至也,CHANT/TLS 四部叢刊 (Kanripo KR3g0001),"Endereza a aquellos culpables; me refrena a mí, que no tengo tacha. [verso oscuro]","Enderezar a los culpables: acuciados, acuden."
40,法,Ley / Modelo,9,上九,井無幹水直衍匪谿匪谷終于愆,井無幹法妄恣也,CHANT/TLS 四部叢刊 (Kanripo KR3g0001),El pozo sin brocal; el agua sólo rebosa; ni arroyo ni valle; acaba en falta.,Pozo sin brocal: la ley suelta y desmandada.
41,應,Respuesta,0,首辭,陽氣極于上陰信萌乎下上下相應,,CHANT/TLS 四部叢刊 (Kanripo KR3g0001),El aliento yang culmina en lo alto; la fe del yin germina abajo; lo alto y lo bajo se responden.,
41,應,Respuesta,1,初一,六幹羅如五枝離如,六幹羅如附離君也,CHANT/TLS 四部叢刊 (Kanripo KR3g0001),Seis troncos dispuestos así; cinco ramas partiendo así.,Seis troncos dispuestos: se prenden por adhesión al señor.
41,應,Respuesta,2,次二,上歷施之下律和之非則否,上施下和匪其真也,CHANT/TLS 四部叢刊 (Kanripo KR3g0001),"Arriba, el calendario lo dispensa; abajo, el diapasón lo concierta; si no por la norma, no.","Lo de arriba dispensa, lo de abajo concierta: si no es su verdad, no."
41,應,Respuesta,3,次三,一從一橫天網䍚䍚,一從一橫經緯陳也,CHANT/TLS 四部叢刊 (Kanripo KR3g0001),"Una en pie, otra tendida; la red del Cielo, malla y malla.","Una y otra, en pie y tendida: urdimbre y trama se despliegan."
41,應,Respuesta,4,次四,援我罘罟絓羅于野至,援我罘罟不能以仁也,CHANT/TLS 四部叢刊 (Kanripo KR3g0001),Tira de mis redes y trampas; lazos enredados llegan por los campos.,Tirar de mis redes: no puede obrar con clemencia.
41,應,Respuesta,5,次五,龍翰于天貞栗其鱗,龍翰之栗極懼墜也,CHANT/TLS 四部叢刊 (Kanripo KR3g0001),"El dragón se remonta al Cielo; recto, y sus escamas tiemblan.","El temblor del dragón: en la cima, teme caer."
41,應,Respuesta,6,次六,熾承于天冰萌于地,承天萌地陽始退也,CHANT/TLS 四部叢刊 (Kanripo KR3g0001),La hoguera se hereda del Cielo; el hielo germina en la Tierra.,"Heredar del Cielo, germinar en la Tierra: el yang empieza a retirarse."
41,應,Respuesta,7,次七,日彊其衰應蕃貞,日彊其衰惡敗類也,CHANT/TLS 四部叢刊 (Kanripo KR3g0001),El sol refuerza su propio declive; la respuesta prolifera: recto.,El sol que refuerza su declive: aborrece arruinar a los suyos.
41,應,Respuesta,8,次八,極陽徵陰不移日而應,極陽徵陰應其發也,CHANT/TLS 四部叢刊 (Kanripo KR3g0001),"El yang extremo convoca al yin; sin mudar el día, se responden.",El yang extremo que convoca al yin: responde al brotar.
41,應,Respuesta,9,上九,元離之極君子應以大稷,元離之極不可遏止也,CHANT/TLS 四部叢刊 (Kanripo KR3g0001),La partición primordial en su colmo; el noble responde con el gran altar del grano.,La partición primordial en su colmo: no se puede atajar ni detener.
42,迎,Ir al Encuentro,0,首辭,陰氣成形乎下物咸遡而迎之,,CHANT/TLS 四部叢刊 (Kanripo KR3g0001),El aliento yin cobra forma abajo; los seres todos remontan a su encuentro.,
42,迎,Ir al Encuentro,1,初一,迎他匪應無貞有邪,迎他匪應非所與并也,CHANT/TLS 四部叢刊 (Kanripo KR3g0001),"Sale al encuentro de otro, no del que le corresponde; sin rectitud, hay torcedura.",Salir al encuentro del que no toca: no es con quien unirse.
42,迎,Ir al Encuentro,2,次二,蛟潛於淵陵卵化之人或陰言百姓和之,蛟潛之化中精誠也,CHANT/TLS 四部叢刊 (Kanripo KR3g0001),"El dragón acecha en el abismo; los huevos del cerro se abren; alguno susurra, y el pueblo lo corea.","El cambio del dragón oculto: por dentro, esencia y sinceridad."
42,迎,Ir al Encuentro,3,次三,精微往來妖先靈覺,精微往來妖咎徵也,CHANT/TLS 四部叢刊 (Kanripo KR3g0001),"Esencia y sutileza van y vienen; el presagio se adelanta, el numen lo percibe.",Esencia y sutileza que van y vienen: señal de desgracia.
42,迎,Ir al Encuentro,4,次四,裳有衣襦男子目珠婦人啑鉤貞,裳有衣襦陰感陽也,CHANT/TLS 四部叢刊 (Kanripo KR3g0001),"La falda con chaqueta y camisa; el ojo del hombre, una perla; el broche de la mujer: recto. [verso oscuro]",Falda con chaqueta: el yin conmueve al yang.
42,迎,Ir al Encuentro,5,次五,黃乘否貞,黃乘否貞不可與朋也,CHANT/TLS 四部叢刊 (Kanripo KR3g0001),El amarillo cabalga: no; recto.,El amarillo que cabalga: no se le puede hacer amigo.
42,迎,Ir al Encuentro,6,次六,玄黃相迎其意感感,玄黃相迎以類應也,CHANT/TLS 四部叢刊 (Kanripo KR3g0001),Negro y amarillo salen a encontrarse; su intención se conmueve y se conmueve.,Negro y amarillo que se encuentran: responden por su casta.
42,迎,Ir al Encuentro,7,次七,遠之𥅠近之棓迎父迦逅,遠𥅠近棓失父類也,CHANT/TLS 四部叢刊 (Kanripo KR3g0001),"De lejos, la mirada fija; de cerca, el garrote; encuentra al padre por azar. [verso oscuro]","Lejos la mirada, cerca el garrote: pierde la casta del padre."
42,迎,Ir al Encuentro,8,次八,見血入門捬迎中廷,見血入門以賢自衛也,CHANT/TLS 四部叢刊 (Kanripo KR3g0001),"Ve sangre, entra por la puerta; palpa y sale al encuentro en mitad del patio. [verso oscuro]",Ve sangre y entra: por su valía se guarda a sí mismo.
42,迎,Ir al Encuentro,9,上九,濕迎床足累于牆屋,濕迎床足顛在內也,CHANT/TLS 四部叢刊 (Kanripo KR3g0001),La humedad sube al pie de la cama; se enreda por los muros de la casa.,La humedad al pie de la cama: el vuelco está adentro.
43,遇,Encuentros,0,首辭,陰氣始來陽氣始往往來相逢,,CHANT/TLS 四部叢刊 (Kanripo KR3g0001),"El aliento yin empieza a venir, el yang empieza a irse; en el ir y venir se topan.",
43,遇,Encuentros,1,初一,幽遇神及師夢貞,幽遇神思得理也,CHANT/TLS 四部叢刊 (Kanripo KR3g0001),"En lo oscuro encuentra un numen, y un maestro; un sueño: recto.",Encuentro oscuro con el numen: el pensar da con el principio.
43,遇,Encuentros,2,次二,衝衝兒遇不受定之諭,衝衝兒遇不肖子也,CHANT/TLS 四部叢刊 (Kanripo KR3g0001),"Testarudo, testarudo, el niño se topa; no acepta el consejo asentado.",El niño testarudo que se topa: un hijo indigno.
43,遇,Encuentros,3,次三,不往來不求得士女之貞,不往不求士女則也,CHANT/TLS 四部叢刊 (Kanripo KR3g0001),"Ni va ni viene, ni busca, y obtiene: la rectitud del hombre y la doncella.",Ni ir ni buscar: la norma del hombre y la doncella.
43,遇,Encuentros,4,次四,㒁㒁兌人遇雨厲,兌人遇雨還自賊也,CHANT/TLS 四部叢刊 (Kanripo KR3g0001),"Inquieto, inquieto, el gozoso se topa con la lluvia: peligro.",El gozoso que se topa con la lluvia: sólo se daña a sí mismo.
43,遇,Encuentros,5,次五,田遇禽人莫之禁,田遇禽誠可勉也,CHANT/TLS 四部叢刊 (Kanripo KR3g0001),En la cacería se topa con la presa; nadie se lo veda.,Topar con la presa: de veras es de alentar.
43,遇,Encuentros,6,次六,俾蛛罔罔遇蜂利雖大不得從,俾蛛之罔害不遠也,CHANT/TLS 四部叢刊 (Kanripo KR3g0001),"La telaraña de la arañita; se topa con la avispa; el provecho, aunque grande, no se puede seguir.",La telaraña de la arañita: el daño no está lejos.
43,遇,Encuentros,7,次七,振其角君父遇辱匪正命,振其角直道行也,CHANT/TLS 四部叢刊 (Kanripo KR3g0001),Sacude su cuerno; el señor-padre sufre afrenta; no es el recto mandato.,Sacudir el cuerno: el recto camino avanza.
43,遇,Encuentros,8,次八,兩兕鬭一角亡不勝喪,兩兕鬭亡角喪也,CHANT/TLS 四部叢刊 (Kanripo KR3g0001),"Dos búfalos luchan; un cuerno se pierde; el que no vence, lo pierde todo.","Dos búfalos que luchan: cuerno perdido, todo perdido."
43,遇,Encuentros,9,上九,觝其角遇下毀足,觝其角何可當也,CHANT/TLS 四部叢刊 (Kanripo KR3g0001),"Embiste con su cuerno; al topar con lo bajo, se rompe la pata.",Embestir con el cuerno: ¿cómo hacerle frente?
44,竈,Fogón,0,首辭,陰雖沃而灑之陽猶執而龢之,,CHANT/TLS 四部叢刊 (Kanripo KR3g0001),"Aunque el yin lo anega y lo rocía, el yang aún lo sujeta y lo armoniza.",
44,竈,Fogón,1,初一,竈無實乞于鄰,竈無實有虛名也,CHANT/TLS 四部叢刊 (Kanripo KR3g0001),El fogón sin sustancia; mendiga al vecino.,El fogón sin sustancia: tiene nombre vacío.
44,竈,Fogón,2,次二,黃鼎介其中裔不飲不食孚無害,黃鼎介中廉貞也,CHANT/TLS 四部叢刊 (Kanripo KR3g0001),"El caldero amarillo firme en su borde y su centro; ni bebe ni come; confianza, sin daño. [verso oscuro]",El caldero amarillo firme: íntegro y recto.
44,竈,Fogón,3,次三,竈無薪黃金瀕,竈無薪有不用也,CHANT/TLS 四部叢刊 (Kanripo KR3g0001),El fogón sin leña; el oro amarillo al borde. [verso oscuro],"El fogón sin leña: tiene, mas no usa."
44,竈,Fogón,4,次四,鬲實之食得其勞力,鬲實之食時我奉也,CHANT/TLS 四部叢刊 (Kanripo KR3g0001),El caldero lleno de comida; se lo gana con su esfuerzo.,El caldero lleno: a su tiempo me sirve.
44,竈,Fogón,5,次五,鼎大可鬺不齊不莊,鼎大可鬺饗無意也,CHANT/TLS 四部叢刊 (Kanripo KR3g0001),"El caldero grande, capaz de hervir la ofrenda; mas ni puro ni solemne.",El caldero grande que hierve: la ofrenda sin intención.
44,竈,Fogón,6,次六,五味龢調如美如大人之饗,味龢之饗宰輔事也,CHANT/TLS 四部叢刊 (Kanripo KR3g0001),"Los cinco sabores acordados en armonía, deliciosos; el festín del gran hombre.",El festín de los sabores en concordia: el asunto del mayordomo y el ministro.
44,竈,Fogón,7,次七,脂牛正肪不濯釜而烹敗歐歍之疾至,脂牛歐歍不絜志也,CHANT/TLS 四部叢刊 (Kanripo KR3g0001),"Buey cebado, sebo puro; hierve sin fregar la olla; echado a perder, llega la náusea. [verso oscuro]",Buey y náusea: una intención impura.
44,竈,Fogón,8,次八,食其委雖噭不毀,食其委蒙厥德也,CHANT/TLS 四部叢刊 (Kanripo KR3g0001),"Come sus posos; aunque grite, no se arruina.",Comer los posos: cubierto por su virtud.
44,竈,Fogón,9,上九,竈滅其火唯家之禍,竈滅其火國之賊也,CHANT/TLS 四部叢刊 (Kanripo KR3g0001),El fogón apaga su fuego: sólo la desgracia de la casa.,El fogón que apaga su fuego: la ruina del reino.
45,大,Grandeza,0,首辭,陰虛其內陽蓬其外物與盤蓋,,CHANT/TLS 四部叢刊 (Kanripo KR3g0001),"El yin vacía su dentro, el yang se ahueca por fuera; los seres comparten el dosel.",
45,大,Grandeza,1,初一,淵潢洋包無方冥,淵潢洋資裹無方也,CHANT/TLS 四部叢刊 (Kanripo KR3g0001),"El abismo rebosa y se extiende, abarcando sin confín: oscuro.",El abismo que rebosa: su caudal envuelve sin confín.
45,大,Grandeza,2,次二,大其慮躬自鑢,大其慮為思所傷也,CHANT/TLS 四部叢刊 (Kanripo KR3g0001),Agranda sus cuitas; se lima a sí mismo.,Agrandar las cuitas: herido por su propio cavilar.
45,大,Grandeza,3,次三,大不大利以成大,大不大以小作基也,CHANT/TLS 四部叢刊 (Kanripo KR3g0001),Grande y no grande; propicio para consumar lo grande.,Grande y no grande: hace de lo pequeño su cimiento.
45,大,Grandeza,4,次四,大其門郊不得其刀鳴虛,大其門郊實去名來也,CHANT/TLS 四部叢刊 (Kanripo KR3g0001),Agranda su puerta y su ejido; no halla su cuchillo; un tañido hueco. [verso oscuro],"Agrandar la puerta: la sustancia se va, el nombre llega."
45,大,Grandeza,5,次五,包荒以中克,包荒以中督九夷也,CHANT/TLS 四部叢刊 (Kanripo KR3g0001),Abraza el yermo; por el centro prevalece.,Abrazar el yermo: gobierna las nueve tribus.
45,大,Grandeza,6,次六,大失小多失少,大失小禍由微也,CHANT/TLS 四部叢刊 (Kanripo KR3g0001),"Grande, pierde lo pequeño; mucho, pierde lo poco.",Perder lo pequeño: la desgracia nace de lo sutil.
45,大,Grandeza,7,次七,大奢迂自削以觚或益之餔,奢迂自削能自非也,CHANT/TLS 四部叢刊 (Kanripo KR3g0001),Gran fasto sinuoso; se recorta a sí mismo con la copa; alguno le añade un bocado. [verso oscuro],Fasto que se recorta: capaz de reprocharse a sí mismo.
45,大,Grandeza,8,次八,豐牆峭阯三歲不築崩,豐牆之峭崩不遟也,CHANT/TLS 四部叢刊 (Kanripo KR3g0001),"Muro opulento sobre base escarpada; tres años sin construir, se desploma.",El muro escarpado: el desplome no tarda.
45,大,Grandeza,9,上九,大終以蔑否出天外,大終以蔑小為大資也,CHANT/TLS 四部叢刊 (Kanripo KR3g0001),"Grande hasta el fin, y con todo desdeñado: no; sale más allá del Cielo. [verso oscuro]",Grande hasta el fin: lo pequeño se hace caudal de lo grande.
46,廓,Ampliación,0,首辭,陰氣瘱而𢙅之陽猶恢而廓之,,CHANT/TLS 四部叢刊 (Kanripo KR3g0001),El aliento yin se aquieta y lo estrecha; el yang aún lo ensancha y lo amplía.,
46,廓,Ampliación,1,初一,廓之恢之不正其基,廓之恢之始基傾也,CHANT/TLS 四部叢刊 (Kanripo KR3g0001),"Amplíalo, ensánchalo, sin enderezar su cimiento.",Ampliar y ensanchar: el cimiento se vuelca desde el principio.
46,廓,Ampliación,2,次二,金榦玉楨廓于城,金榦玉楨蕃輔正也,CHANT/TLS 四部叢刊 (Kanripo KR3g0001),"Armazón de metal, poste de jade; se amplía en muralla.","Armazón de metal, poste de jade: el sostén floreciente es recto."
46,廓,Ampliación,3,次三,廓無子室石婦,廓無子焉得後生也,CHANT/TLS 四部叢刊 (Kanripo KR3g0001),"Se amplía, mas sin hijos; la alcoba, una esposa estéril.",Ampliarse sin hijos: ¿cómo tener descendencia?
46,廓,Ampliación,4,次四,恢其門戶以御寇虜,恢其門戶大經營也,CHANT/TLS 四部叢刊 (Kanripo KR3g0001),Ensancha su puerta y su portón para atajar a los saqueadores.,Ensanchar la puerta: gran planeamiento.
46,廓,Ampliación,5,次五,天門大開恢堂之階或生之差,天門大開德不能滿堂也,CHANT/TLS 四部叢刊 (Kanripo KR3g0001),La puerta del Cielo abierta de par en par; ensancha los peldaños del salón; mas alguno engendra una tacha.,La puerta del Cielo abierta: la virtud no puede llenar el salón.
46,廓,Ampliación,6,次六,維豐維崇百辟馮馮伊德攸興,維豐維崇茲太平也,CHANT/TLS 四部叢刊 (Kanripo KR3g0001),"Tan opulento, tan encumbrado; los cien señores acuden en tropel; por esta virtud hay auge.","Tan opulento, tan encumbrado: esto es la Gran Paz."
46,廓,Ampliación,7,次七,外大圪其中失君子至野小人入室,外大圪中無人也,CHANT/TLS 四部叢刊 (Kanripo KR3g0001),"Por fuera grande y altivo, mas vacío por dentro; el noble se va al yermo, el hombre pequeño entra en la alcoba.","Grande por fuera: por dentro, nadie."
46,廓,Ampliación,8,次八,廓其外虛其內利鼓鉦,廓外虛內乃能有聞也,CHANT/TLS 四部叢刊 (Kanripo KR3g0001),"Ensancha su fuera, vacía su dentro; propicio para tambor y gong.","Ensanchar fuera, vaciar dentro: entonces puede ser oído."
46,廓,Ampliación,9,上九,極廓于高庸三歲無童,極廓高庸終無所臣也,CHANT/TLS 四部叢刊 (Kanripo KR3g0001),"Ampliado al colmo, alto y vasto; tres años sin un siervo.","Ampliado al colmo: al fin, nadie a quien mande."
47,文,Patrón,0,首辭,陰斂其質陽散其文文質班班萬物粲然,,CHANT/TLS 四部叢刊 (Kanripo KR3g0001),"El yin recoge su sustancia, el yang esparce su patrón; patrón y sustancia entreverados, los diez mil seres resplandecen.",
47,文,Patrón,1,初一,袷䙡何縵玉貞,袷䙡何縵文在內也,CHANT/TLS 四部叢刊 (Kanripo KR3g0001),"Túnica forrada, tan lisa; jade: recto. [verso oscuro]",Túnica lisa: el patrón está por dentro.
47,文,Patrón,2,次二,文蔚質否,文蔚質否不能俱睟也,CHANT/TLS 四部叢刊 (Kanripo KR3g0001),"Patrón exuberante, sustancia: no.",Patrón exuberante sin sustancia: ambos no pueden resplandecer juntos.
47,文,Patrón,3,次三,大文彌樸孚似不足,大文彌樸質有餘也,CHANT/TLS 四部叢刊 (Kanripo KR3g0001),El gran patrón se hace más simple; la confianza parece faltar.,El gran patrón más simple: la sustancia sobra.
47,文,Patrón,4,次四,斐如邠如虎豹文如匪天之享否,斐邠之否奚足譽也,CHANT/TLS 四部叢刊 (Kanripo KR3g0001),"Elegante así, moteado así, con patrón de tigre y leopardo; no es lo que el Cielo goza: no. [verso oscuro]",El moteado que no: ¿qué hay que alabar?
47,文,Patrón,5,次五,炳如彪如尚文昭如車服庸如,彪如在上天文炳也,CHANT/TLS 四部叢刊 (Kanripo KR3g0001),"Fulgurante así, listado así; honra el patrón, resplandeciente; carro y ropaje, majestuosos.","Listado en lo alto: el patrón del Cielo, ardiente."
47,文,Patrón,6,次六,鴻文無范恣于川,鴻文無范恣意往也,CHANT/TLS 四部叢刊 (Kanripo KR3g0001),Vasto patrón sin molde; se desmanda por el río.,Vasto patrón sin molde: va a su antojo.
47,文,Patrón,7,次七,雉之不祿而雞藎穀,雉之不祿難幽養也,CHANT/TLS 四部叢刊 (Kanripo KR3g0001),"El faisán sin paga, y la gallina con su grano. [verso oscuro]",El faisán sin paga: difícil de criar en el retiro.
47,文,Patrón,8,次八,彫韱穀布亡于時文則亂,彫韱之文徒費日也,CHANT/TLS 四部叢刊 (Kanripo KR3g0001),"Labrado fino, grano esparcido; perdido en su hora; el patrón entonces es desorden. [verso oscuro]",El patrón labrado: sólo malgasta los días.
47,文,Patrón,9,上九,極文密密易以黼黻,極文之易當以質也,CHANT/TLS 四部叢刊 (Kanripo KR3g0001),"Patrón en su colmo, tupido, tupido; trocado por el bordado del hacha y el arco.","El colmo del patrón, trocado: hay que salirle con la sustancia."
48,禮,Ritual,0,首辭,陰在下而陽在上上下正體物與有禮,,CHANT/TLS 四部叢刊 (Kanripo KR3g0001),El yin abajo y el yang arriba; alto y bajo en su recto cuerpo; los seres tienen su rito.,
48,禮,Ritual,1,初一,履于跂後其祖禰,履于跂退其親也,CHANT/TLS 四部叢刊 (Kanripo KR3g0001),Pisa de puntillas; deja atrás a sus antepasados.,Pisar de puntillas: aparta a los suyos.
48,禮,Ritual,2,次二,目穆穆足肅肅乃貫以棘,穆穆肅肅敬出心也,CHANT/TLS 四部叢刊 (Kanripo KR3g0001),"Ojos reverentes, reverentes; pies graves, graves; y luego atravesado por espinas. [verso oscuro]",Reverente y grave: el respeto brota del corazón.
48,禮,Ritual,3,次三,畫象成形孚無成,畫象成形非其真也,CHANT/TLS 四部叢刊 (Kanripo KR3g0001),"Pinta la imagen, forma la figura; confianza, mas nada consumado.",Pintar la imagen: no es la cosa verdadera.
48,禮,Ritual,4,次四,孔鴈之儀利用登于階,孔鴈之儀可法則也,CHANT/TLS 四部叢刊 (Kanripo KR3g0001),El decoro del gran ganso; propicio para subir los peldaños.,El decoro del ganso: puede servir de norma.
48,禮,Ritual,5,次五,懷其違折其匕過喪錫九矢,懷違折匕貶天祿也,CHANT/TLS 四部叢刊 (Kanripo KR3g0001),"Alberga su rebeldía, quiebra su cuchara; en el exceso pierde el don de nueve flechas. [verso oscuro]",Albergar la rebeldía: cortado de la merced del Cielo.
48,禮,Ritual,6,次六,魚鱗差之乃矢施之帝用登于天,魚鱗差之貴賤位也,CHANT/TLS 四部叢刊 (Kanripo KR3g0001),Escamas de pez ordenadas por rango; dispuestas luego como flechas; el Emperador con ello sube al Cielo.,Escamas ordenadas: las posiciones de alto y bajo.
48,禮,Ritual,7,次七,出禮不畏入畏,出禮不畏人所棄也,CHANT/TLS 四部叢刊 (Kanripo KR3g0001),"Al salir del rito, sin temor; al entrar, con temor. [verso oscuro]",Salir del rito sin temor: abandonado de los hombres.
48,禮,Ritual,8,次八,冠戚䏔履全履,冠戚䏔履賤不可不上也,CHANT/TLS 四部叢刊 (Kanripo KR3g0001),"Gorro y hacha, y el calzado; el paso entero. [verso oscuro]",Gorro y calzado: el humilde no puede sino mirar arriba.
48,禮,Ritual,9,上九,戴無首焉用此九,無首之戴焉所往也,CHANT/TLS 四部叢刊 (Kanripo KR3g0001),Lleva el gorro sin cabeza; ¿de qué sirve este nueve?,El tocado sin cabeza: ¿adónde puede ir?
49,逃,Vuelo,0,首辭,陰氣章彊陽氣潛退萬物將亡,,CHANT/TLS 四部叢刊 (Kanripo KR3g0001),"El aliento yin se afirma pujante, el yang se retira oculto; los diez mil seres están por perecer.",
49,逃,Vuelo,1,初一,逃水之夷滅其創迹,逃水之夷跡不創也,CHANT/TLS 四部叢刊 (Kanripo KR3g0001),Huye sobre el agua llana; borra las huellas que hizo.,Huir sobre el agua llana: no deja rastro.
49,逃,Vuelo,2,次二,心惕惕足金舄不志溝壑,心惕惕義不將也,CHANT/TLS 四部叢刊 (Kanripo KR3g0001),"Corazón alerta, alerta; pies con zapatos de metal; no pone la mira en la zanja.",Corazón alerta: la justicia no lo acompañará.
49,逃,Vuelo,3,次三,兢其股鞭其馬寇其戶逃利,兢股鞭馬近有見也,CHANT/TLS 四部叢刊 (Kanripo KR3g0001),"Tensa su muslo, fustiga su caballo; saqueadores a su puerta; huir es provecho.",Tensar el muslo y fustigar: de cerca hay algo previsto.
49,逃,Vuelo,4,次四,喬木維摐飛鳥過之或降,喬木之鳥欲止則降也,CHANT/TLS 四部叢刊 (Kanripo KR3g0001),"El árbol alto, sus ramas encumbradas; el ave en vuelo lo pasa; alguna se posa.","El ave del árbol alto: si quiere posarse, baja."
49,逃,Vuelo,5,次五,見踤于林獺入于淵征,見及獺深居逃凶也,CHANT/TLS 四部叢刊 (Kanripo KR3g0001),Lo ve tropezar en el bosque; la nutria entra en el abismo; marcha. [verso oscuro],Morar en lo hondo: huye del infortunio.
49,逃,Vuelo,6,次六,多田不婁費我膎功,多田不婁費力忘功也,CHANT/TLS 四部叢刊 (Kanripo KR3g0001),Mucha tierra sin labrar; malgasta el fruto de mi cecina. [verso oscuro],Mucha tierra sin labrar: gasta fuerza y olvida el mérito.
49,逃,Vuelo,7,次七,見于纍後乃克飛,見于纍幾不足高也,CHANT/TLS 四部叢刊 (Kanripo KR3g0001),"Visto entre las trabas, sólo después puede volar.","Visto entre las trabas: al borde, no basta para remontar."
49,逃,Vuelo,8,次八,頸加于矰維䋚其繩,頸加維䋚毋自勞也,CHANT/TLS 四部叢刊 (Kanripo KR3g0001),El cuello puesto en la flecha con hilo; sólo se enreda en su cordel.,El cuello en la flecha con hilo: no te afanes en vano.
49,逃,Vuelo,9,上九,利逃跰跰盜德嬰城,盜德嬰城何至逃也,CHANT/TLS 四部叢刊 (Kanripo KR3g0001),"Propicio huir, tropezando, tropezando; la virtud del ladrón cerca la muralla. [verso oscuro]",La virtud del ladrón cercando la muralla: ¿a qué llegar a la huida?
50,唐,Vastedad / Desperdicio,0,首辭,陰氣茲來陽氣茲往物且盪盪,,CHANT/TLS 四部叢刊 (Kanripo KR3g0001),"El aliento yin viene ya, el yang se va ya; los seres se agitan y se bambolean.",
50,唐,Vastedad / Desperdicio,1,初一,唐于內勿作厲,唐于內無執守也,CHANT/TLS 四部叢刊 (Kanripo KR3g0001),Derroche por dentro; no obres: peligro.,Derroche por dentro: nada asido ni guardado.
50,唐,Vastedad / Desperdicio,2,次二,唐處冥利用東征,唐冥之利利明道也,CHANT/TLS 四部叢刊 (Kanripo KR3g0001),Vastedad que mora en lo oscuro; propicio para la campaña del este.,El provecho de la vastedad oscura: propicio para alumbrar la vía.
50,唐,Vastedad / Desperdicio,3,次三,唐素不貞亡彼瓏玲,亡彼瓏玲非爾所也,CHANT/TLS 四部叢刊 (Kanripo KR3g0001),"Vacío y llano, no recto; pierde aquel jade tintineante.",Perder el jade tintineante: no es tu sitio.
50,唐,Vastedad / Desperdicio,4,次四,唐無適道義之辟,唐無適惟義予也,CHANT/TLS 四部叢刊 (Kanripo KR3g0001),Vastedad sin meta; el soberano de la Vía y la justicia.,Vastedad sin meta: sólo la justicia la otorga.
50,唐,Vastedad / Desperdicio,5,次五,奔鹿懷鼷得不訾,奔鹿懷鼷奚足功也,CHANT/TLS 四部叢刊 (Kanripo KR3g0001),El ciervo que huye guarda un ratón; gana lo que no se cuenta. [verso oscuro],El ciervo que guarda un ratón: ¿qué mérito hay en ello?
50,唐,Vastedad / Desperdicio,6,次六,唐不獨足代天班祿,唐不獨足無私容也,CHANT/TLS 四部叢刊 (Kanripo KR3g0001),"La vastedad no basta a solas; en nombre del Cielo, reparte las pagas.",No basta a solas: sin rostro de parcialidad.
50,唐,Vastedad / Desperdicio,7,次七,弋彼三飛明明于征終日不歸亡,弋彼三飛適無所從也,CHANT/TLS 四部叢刊 (Kanripo KR3g0001),"Flecha a los tres que vuelan; brillante, brillante en la marcha; todo el día sin volver: perdido.",Flechar a los tres: va sin nada que seguir.
50,唐,Vastedad / Desperdicio,8,次八,唐收祿社鬼輟哭或得其沐,唐收祿復亡也,CHANT/TLS 四部叢刊 (Kanripo KR3g0001),Recoge en abundancia la paga; el espectro del altar cesa su llanto; alguno logra su unción. [verso oscuro],"Recoger la paga: recobrada, y de nuevo perdida."
50,唐,Vastedad / Desperdicio,9,上九,明珠彈于飛肉其得不復,明珠彈肉費不當也,CHANT/TLS 四部叢刊 (Kanripo KR3g0001),La perla luminosa disparada a la carne que vuela; lo que gana no vuelve.,Disparar la perla a la carne: un dispendio sin razón.
51,常,Constancia,0,首辭,陰以知臣陽以知辟君臣之道萬世不易,,CHANT/TLS 四部叢刊 (Kanripo KR3g0001),"Por el yin se conoce al ministro, por el yang al soberano; la vía de señor y ministro, por diez mil edades no cambia.",
51,常,Constancia,1,初一,戴神墨履靈式以一耦萬終不稷,戴神墨體一形也,CHANT/TLS 四部叢刊 (Kanripo KR3g0001),"Lleva la plomada del numen, pisa la regla del espíritu; por lo uno aparea lo diez mil; al fin, sin grano. [verso oscuro]",Llevar la plomada del numen: encarna la forma única.
51,常,Constancia,2,次二,內常微女貞厲,內常微女不正也,CHANT/TLS 四部叢刊 (Kanripo KR3g0001),Constancia interior tenue; la rectitud de la doncella: peligro.,Constancia interior tenue: la mujer no es recta.
51,常,Constancia,3,次三,日常其德三歲不食,日常其德君道明也,CHANT/TLS 四部叢刊 (Kanripo KR3g0001),El sol hace constante su virtud; tres años sin comer.,El sol que hace constante su virtud: la vía del soberano es clara.
51,常,Constancia,4,次四,月不常或失之行,月不常臣失行也,CHANT/TLS 四部叢刊 (Kanripo KR3g0001),La luna no es constante; alguno la pierde en su curso.,La luna que no es constante: el ministro pierde su rumbo.
51,常,Constancia,5,次五,其從其橫天地之常,其從其橫君臣常也,CHANT/TLS 四部叢刊 (Kanripo KR3g0001),"Su urdimbre, su trama: la constancia del Cielo y la Tierra.",Urdimbre y trama: la constancia de señor y ministro.
51,常,Constancia,6,次六,得七而九懦撓其剛不克常,得七而九棄盛乘衰也,CHANT/TLS 四部叢刊 (Kanripo KR3g0001),Obtiene siete y luego nueve; la blandura dobla su dureza; no puede ser constante.,"Siete y luego nueve: abandona lo pleno, cabalga lo menguante."
51,常,Constancia,7,次七,滔滔往來有常衰如克承貞,滔滔往來以正承非也,CHANT/TLS 四部叢刊 (Kanripo KR3g0001),"Fluyendo, fluyendo, va y viene, hay constancia; aun en el declive sabe sostener: recto.",Fluir y sostener: por la rectitud carga con lo torcido.
51,常,Constancia,8,次八,常疾不疾咎成不詰,常疾不疾不能自治也,CHANT/TLS 四部叢刊 (Kanripo KR3g0001),Dolencia constante que no se duele; la falta cuaja sin que se la interrogue.,Dolencia que no se duele: no puede curarse a sí mismo.
51,常,Constancia,9,上九,疾其疾巫毉不失,疾其疾能自毉也,CHANT/TLS 四部叢刊 (Kanripo KR3g0001),Se duele de su dolencia; chamán y médico no fallan.,Dolerse de la dolencia: sabe curarse a sí mismo.
52,度,Medida,0,首辭,陰氣日躁陽氣日舍躁躁舍舍各得其度,,CHANT/TLS 四部叢刊 (Kanripo KR3g0001),"El aliento yin se inquieta día a día, el yang día a día cede; agitándose y cediendo, cada cual halla su medida.",
52,度,Medida,1,初一,中度獨失,中度獨失不能有成也,CHANT/TLS 四部叢刊 (Kanripo KR3g0001),"La medida del centro, a solas, se pierde.",La medida del centro perdida: nada puede consumar.
52,度,Medida,2,次二,澤不舍冥中度,澤不舍乃能有正也,CHANT/TLS 四部叢刊 (Kanripo KR3g0001),"El pantano no suelta; en lo oscuro, la medida del centro.",El pantano que no suelta: entonces puede tener rectitud.
52,度,Medida,3,次三,小度差差大攋之階,小度之差大度傾也,CHANT/TLS 四部叢刊 (Kanripo KR3g0001),"Medida pequeña, desviándose y desviándose: peldaño hacia una gran brecha.",La desviación de la medida pequeña: la gran medida se vuelca.
52,度,Medida,4,次四,榦楨利于城,榦楨之利利經營也,CHANT/TLS 四部叢刊 (Kanripo KR3g0001),Armazón y poste; propicios para la muralla.,El provecho de armazón y poste: propicio para la obra.
52,度,Medida,5,次五,榦不榦攋于營,幹不幹不能有寧也,CHANT/TLS 四部叢刊 (Kanripo KR3g0001),Armazón que no arma; se quiebra en el campamento.,Armazón que no arma: no puede haber sosiego.
52,度,Medida,6,次六,大度檢檢于天示象垂其范,大度檢檢垂象貞也,CHANT/TLS 四部叢刊 (Kanripo KR3g0001),"Gran medida, ceñida y ceñida; en el Cielo muestra la imagen, cuelga su molde.","Gran medida ceñida: la imagen que cuelga, recta."
52,度,Medida,7,次七,不度規之鬼即訾之,不度規之明察笑也,CHANT/TLS 四部叢刊 (Kanripo KR3g0001),Sin medida; el espectro del compás la escarnece. [verso oscuro],Sin medida: el escrutinio claro se ríe de ella.
52,度,Medida,8,次八,石赤不奪節士之必,石赤不奪可與有要也,CHANT/TLS 四部叢刊 (Kanripo KR3g0001),"Piedra bermeja, que no se arranca: la certeza del hombre íntegro.",Piedra que no se arranca: con él se puede pactar.
52,度,Medida,9,上九,積差之貣十年不復,積差之貣不得造也,CHANT/TLS 四部叢刊 (Kanripo KR3g0001),El déficit de la desviación acumulada; diez años sin volver.,El déficit acumulado: no se puede reparar.
53,永,Eternidad,0,首辭,陰以武取陽以文與道可長久,,CHANT/TLS 四部叢刊 (Kanripo KR3g0001),"El yin toma con lo marcial, el yang da con lo civil; la Vía puede durar y perdurar.",
53,永,Eternidad,1,初一,不替不爽長子之常,不替不爽永宗道也,CHANT/TLS 四部叢刊 (Kanripo KR3g0001),Ni desfallece ni yerra: la constancia del hijo mayor.,Ni desfallecer ni errar: por siempre la vía del linaje.
53,永,Eternidad,2,次二,內懷替爽永失貞祥,內懷替爽安可久也,CHANT/TLS 四部叢刊 (Kanripo KR3g0001),Por dentro alberga desfallecimiento y yerro; por siempre pierde la venturosa rectitud.,Albergar dentro el yerro: ¿cómo va a durar?
53,永,Eternidad,3,次三,永其道未得無咎,永其道誠可保也,CHANT/TLS 四部叢刊 (Kanripo KR3g0001),"Hace duradera su vía; aún no la logra, mas sin falta.",Hacer duradera la vía: de veras se puede preservar.
53,永,Eternidad,4,次四,子序不序先賓永失主,子序不序非永方也,CHANT/TLS 四部叢刊 (Kanripo KR3g0001),"El orden del hijo, desordenado; el huésped antes que el anfitrión; por siempre pierde al señor.",Orden trastocado: no es el modo de durar.
53,永,Eternidad,5,次五,三綱得于中極天永厥福,三綱之永其道長也,CHANT/TLS 四部叢刊 (Kanripo KR3g0001),Las tres guías se alcanzan en el eje central; el Cielo hace eterna su dicha.,La eternidad de las tres guías: su vía es larga.
53,永,Eternidad,6,次六,大永于福反虛庭入于酋冥,大永于福福反亡也,CHANT/TLS 四部叢刊 (Kanripo KR3g0001),"Muy duradero en la dicha, mas se vuelve un patio vacío; entra en la tiniebla madura. [verso oscuro]",Muy duradero en la dicha: la dicha se torna pérdida.
53,永,Eternidad,7,次七,老木生蒔永以纏其所無,老木生蒔永厥體也,CHANT/TLS 四部叢刊 (Kanripo KR3g0001),El árbol viejo echa esquejes; por siempre enreda lo que le falta. [verso oscuro],El árbol viejo que echa esquejes: hace duradero su cuerpo.
53,永,Eternidad,8,次八,永不軌凶亡流于後,永不軌其命劑也,CHANT/TLS 四部叢刊 (Kanripo KR3g0001),Por siempre fuera de la vía; el mal y la ruina fluyen a los que vienen después.,Por siempre fuera de la vía: su destino queda cortado.
53,永,Eternidad,9,上九,永終馴首,永終馴首長愷悌也,CHANT/TLS 四部叢刊 (Kanripo KR3g0001),"Duradero hasta el fin, dócil desde la cabeza.",Dócil hasta el fin: largo en bondad y afabilidad.
54,昆,Unidad,0,首辭,陰將離之陽尚昆之昆道尚同,,CHANT/TLS 四部叢刊 (Kanripo KR3g0001),"El yin va a apartarlo, el yang aún lo hermana; la vía de la hermandad estima la unidad.",
54,昆,Unidad,1,初一,昆于黑不知白,昆于黑不可謂人也,CHANT/TLS 四部叢刊 (Kanripo KR3g0001),"Unido en lo negro, no conoce lo blanco.",Unido en lo negro: no se le puede llamar hombre.
54,昆,Unidad,2,次二,白黑菲菲三禽一角同尾,三禽一角無害心也,CHANT/TLS 四部叢刊 (Kanripo KR3g0001),"Blanco y negro entreverados; tres aves, un cuerno, una misma cola. [verso oscuro]",Tres aves de un cuerno: sin corazón dañino.
54,昆,Unidad,3,次三,昆于白失不黑無除一尾三角,昆白不黑不相親也,CHANT/TLS 四部叢刊 (Kanripo KR3g0001),"Unido en lo blanco; pierde —no negro— sin quitarse; una cola, tres cuernos. [verso oscuro]",Blanco y no negro: no se allegan uno a otro.
54,昆,Unidad,4,次四,鳥託巢于叢人寄命于公,鳥託巢公無貧也,CHANT/TLS 四部叢刊 (Kanripo KR3g0001),El ave confía su nido a la espesura; el hombre confía su vida al duque.,El ave que confía su nido: el duque no falla.
54,昆,Unidad,5,次五,穀不穀失䟽數眾氂毀玉,穀失䟽數奚足旬也,CHANT/TLS 四部叢刊 (Kanripo KR3g0001),Grano y no grano; pierde la cuenta rala; muchos pelos malogran el jade. [verso oscuro],Perder la cuenta rala: ¿cómo llenar diez días?
54,昆,Unidad,6,次六,昆于井市文車同軌,昆于井市同一倫也,CHANT/TLS 四部叢刊 (Kanripo KR3g0001),Unido en el pozo y el mercado; carros con patrón de un mismo eje.,Unido en pozo y mercado: de un solo orden.
54,昆,Unidad,7,次七,蓋偏不覆晏雨不救,蓋偏不覆德不均也,CHANT/TLS 四部叢刊 (Kanripo KR3g0001),El dosel ladeado no cubre; la lluvia tardía no salva.,Dosel ladeado que no cubre: la virtud no se reparte por igual.
54,昆,Unidad,8,次八,昆于危難乃覆之安,危難之安素施仁也,CHANT/TLS 四部叢刊 (Kanripo KR3g0001),"Unido en el peligro y la penuria; y entonces, cobijado, a salvo.",La seguridad en la penuria: desde antiguo practicó la clemencia.
54,昆,Unidad,9,上九,昆于死棄寇遺,昆于死棄厥身也,CHANT/TLS 四部叢刊 (Kanripo KR3g0001),"Unido en la muerte, desechado: sobras del saqueador. [verso oscuro]",Unido en la muerte: desecha su propio cuerpo.
55,減,Merma,0,首辭,陰氣息陽氣消陰盛陽衰萬物以微,,CHANT/TLS 四部叢刊 (Kanripo KR3g0001),"El aliento yin crece, el yang mengua; el yin pleno, el yang en declive; los diez mil seres se atenúan.",
55,減,Merma,1,初一,善減不減冥,善減不減常自沖也,CHANT/TLS 四部叢刊 (Kanripo KR3g0001),Buena merma que no merma: oscura.,Buena merma que no merma: se vacía siempre a sí misma.
55,減,Merma,2,次二,心減自中以形于身,心減形身困諸中也,CHANT/TLS 四部叢刊 (Kanripo KR3g0001),"El corazón mengua desde el centro, y se muestra en el cuerpo.",El corazón que mengua: apurado por dentro.
55,減,Merma,3,次三,減其儀利用光于階,減其儀欲自禁也,CHANT/TLS 四部叢刊 (Kanripo KR3g0001),Mengua su pompa; propicio para brillar sobre los peldaños.,Menguar la pompa: quiere refrenarse a sí mismo.
55,減,Merma,4,次四,減於乂貶其位,減於乂無以莅眾也,CHANT/TLS 四部叢刊 (Kanripo KR3g0001),Mengua en el gobierno; degrada su posición.,Menguar en el gobierno: nada con qué presidir a la multitud.
55,減,Merma,5,次五,減黃貞不承于上寧,減黃貞臣道丁也,CHANT/TLS 四部叢刊 (Kanripo KR3g0001),"Mengua el amarillo, recto; no sostenido desde arriba: sosiego. [verso oscuro]",Menguar el amarillo recto: la vía del ministro es recia.
55,減,Merma,6,次六,幽闡積不減不施石,幽闡不施澤不平也,CHANT/TLS 四部叢刊 (Kanripo KR3g0001),A oscuras revela el acopio; ni mengua ni da: piedra. [verso oscuro],Revelar sin dar: la merced no se reparte llana.
55,減,Merma,7,次七,減其疾損其䘏厲不至,減其疾不至危也,CHANT/TLS 四部叢刊 (Kanripo KR3g0001),"Mengua su dolencia, aligera su cuita; el peligro no llega.",Menguar la dolencia: no llega al peligro.
55,減,Merma,8,次八,瀏漣漣減于生根,瀏漣之減生根毀也,CHANT/TLS 四部叢刊 (Kanripo KR3g0001),"Aguas claras, ondas y ondas; mengua en la raíz viva.",La merma de las ondas: la raíz viva se malogra.
55,減,Merma,9,上九,減終利用登于西山臨于大川,減終之登誠可為也,CHANT/TLS 四部叢刊 (Kanripo KR3g0001),"Merma hasta el fin; propicio subir a la montaña del oeste, asomarse al gran río.",La subida al final de la merma: de veras se puede hacer.
56,唫,Boca Cerrada,0,首辭,陰不之化陽不之施萬物各唫,,CHANT/TLS 四部叢刊 (Kanripo KR3g0001),"El yin no lo transforma, el yang no lo dispensa; los diez mil seres cierran cada uno su boca.",
56,唫,Boca Cerrada,1,初一,唫不予丈夫婦處,唫不予人所違也,CHANT/TLS 四部叢刊 (Kanripo KR3g0001),"Cerrada, no da; el varón mora como esposa. [verso oscuro]","Cerrada, no da: lo que los hombres rehúyen."
56,唫,Boca Cerrada,2,次二,唫于血資乾骨,唫于血臞自肥也,CHANT/TLS 四部叢刊 (Kanripo KR3g0001),Cerrada en la sangre; la reserva se seca hasta el hueso.,"Cerrada en la sangre: enjuta, y se engorda a sí misma."
56,唫,Boca Cerrada,3,次三,貌不交口唭㘈唫無辭,貌不交人道微也,CHANT/TLS 四部叢刊 (Kanripo KR3g0001),"El rostro no se junta; la boca farfulla, cerrada, sin palabras. [verso oscuro]",El rostro que no se junta: la vía de los hombres se atenúa.
56,唫,Boca Cerrada,4,次四,唫其穀不振不俗纍老及族,唫其穀不得相希也,CHANT/TLS 四部叢刊 (Kanripo KR3g0001),Cierra su grano; ni lo airea ni lo comparte; lo amontona hasta la vejez y hasta el clan.,Cerrar el grano: nadie puede mirar al otro.
56,唫,Boca Cerrada,5,次五,不中不督腐蠹之嗇,不中不督其唫非也,CHANT/TLS 四部叢刊 (Kanripo KR3g0001),Ni centrado ni vigilado: la avaricia de la podredumbre y la carcoma.,Ni centrado ni vigilado: su cerrar está mal.
56,唫,Boca Cerrada,6,次六,泉源洋洋唫于丘園,泉源之唫不可譏也,CHANT/TLS 四部叢刊 (Kanripo KR3g0001),"La fuente del manantial, vasta y plena; cerrada en el jardín del cerro. [verso oscuro]",El cerrar del manantial: no se le puede reprochar.
56,唫,Boca Cerrada,7,次七,唫于體黃肉毀,唫于體骨肉傷也,CHANT/TLS 四部叢刊 (Kanripo KR3g0001),Cerrada en el cuerpo; la carne amarilla se corrompe.,Cerrada en el cuerpo: hueso y carne se dañan.
56,唫,Boca Cerrada,8,次八,唫遇禍禱以牛解,唫遇禍大費當也,CHANT/TLS 四部叢刊 (Kanripo KR3g0001),"Cerrada, se topa con la desgracia; ora con un buey para deshacerla.","Cerrada ante la desgracia: gran costo, mas justo."
56,唫,Boca Cerrada,9,上九,唫不雨孚乾脯,唫不雨何可望也,CHANT/TLS 四部叢刊 (Kanripo KR3g0001),"Cerrada, sin lluvia; la confianza se seca en cecina.","Cerrada, sin lluvia: ¿qué se puede esperar?"
57,守,Cautela,0,首辭,陰守戶陽守門物莫相干,,CHANT/TLS 四部叢刊 (Kanripo KR3g0001),"El yin guarda la portezuela, el yang guarda el portón; ningún ser se entromete en otro.",
57,守,Cautela,1,初一,閉朋牖守元有,閉朋牖善持有也,CHANT/TLS 四部叢刊 (Kanripo KR3g0001),Cierra la ventana del compañero; guarda el caudal primordial.,Cerrar la ventana: guarda bien lo que tiene.
57,守,Cautela,2,次二,迷自守不如一之有,迷自守中無所以也,CHANT/TLS 四部叢刊 (Kanripo KR3g0001),"Perdido, guardándose a sí mismo: no vale como la posesión de lo uno.","Perdido y guardándose: por dentro, nada en qué apoyarse."
57,守,Cautela,3,次三,無喪無得往來默默,無喪無得守厥故也,CHANT/TLS 四部叢刊 (Kanripo KR3g0001),"Sin pérdida, sin ganancia; yendo y viniendo, callado, callado.",Sin pérdida ni ganancia: guarda su constancia.
57,守,Cautela,4,次四,象艮有守,象艮之守廉無怙也,CHANT/TLS 四部叢刊 (Kanripo KR3g0001),"A imagen de la Montaña, hay guarda.","La guarda de la Montaña: íntegro, sin apoyarse en nada."
57,守,Cautela,5,次五,守中以和要侯貞,守中以和侯之素也,CHANT/TLS 四部叢刊 (Kanripo KR3g0001),Guarda el centro con concordia; se liga al señor: recto.,Guardar el centro con concordia: la llaneza del señor.
57,守,Cautela,6,次六,車案軔圭璧塵,車案軔不接鄰也,CHANT/TLS 四部叢刊 (Kanripo KR3g0001),El carro con el freno echado; las tablillas de jade juntan polvo.,El carro con el freno echado: no trata con el vecino.
57,守,Cautela,7,次七,群陽不守男子之貞,群陽之守守貞信也,CHANT/TLS 四部叢刊 (Kanripo KR3g0001),La muchedumbre yang no monta guardia; la rectitud del varón. [verso oscuro],La guarda del yang: guarda rectitud y confianza.
57,守,Cautela,8,次八,臼無杵其碓舉天陰不雨白日毀暑,臼無杵其守貧也,CHANT/TLS 四部叢刊 (Kanripo KR3g0001),"El mortero sin mano, su pilón alzado; el cielo encapotado sin lluvia; el día blanco malogra el calor. [verso oscuro]",El mortero sin mano: su guarda es pobre.
57,守,Cautela,9,上九,與荼有守辭于盧首不殆,與荼有守故愈新也,CHANT/TLS 四部叢刊 (Kanripo KR3g0001),Con la hierba amarga hay guarda; declina en la cabeza negra; no peligra. [verso oscuro],Con la hierba amarga hay guarda: por eso lo viejo se hace nuevo.
58,翕,Recogimiento,0,首辭,陰來逆變陽往順化物退降集,,CHANT/TLS 四部叢刊 (Kanripo KR3g0001),"El yin viene y contraría el cambio, el yang se va y se pliega a él; los seres retroceden, descienden y se recogen.",
58,翕,Recogimiento,1,初一,狂衝于冥翕其志雖欲逍遙天不之茲,狂衝于冥天未與也,CHANT/TLS 四部叢刊 (Kanripo KR3g0001),"Embiste loco en lo oscuro, recoge su anhelo; aunque quiera vagar libre, el Cielo no se lo concede.",Embestir loco en lo oscuro: el Cielo aún no se lo concede.
58,翕,Recogimiento,2,次二,翕冥中射貞,翕冥中正予也,CHANT/TLS 四部叢刊 (Kanripo KR3g0001),Se recoge en lo oscuro; el centro dispara: recto. [verso oscuro],"Recogerse en lo oscuro: el centro, recto, otorga."
58,翕,Recogimiento,3,次三,翕食嘬嘬,翕食嘬嘬利如舞也,CHANT/TLS 四部叢刊 (Kanripo KR3g0001),"Se recoge a comer, engullendo, engullendo.","Recogerse a comer: propicio, como en una danza."
58,翕,Recogimiento,4,次四,翕其羽利用舉,翕其羽朋友助也,CHANT/TLS 四部叢刊 (Kanripo KR3g0001),Recoge sus alas; propicio remontar el vuelo.,Recoger las alas: los amigos ayudan.
58,翕,Recogimiento,5,次五,翕其腹辟金穀,翕其腹非所以譽也,CHANT/TLS 四部叢刊 (Kanripo KR3g0001),Recoge su vientre; abre el metal y el grano.,Recoger el vientre: no es cosa de alabar.
58,翕,Recogimiento,6,次六,黃心鴻翼翕于天,黃心鴻翼利得輔也,CHANT/TLS 四部叢刊 (Kanripo KR3g0001),"Corazón amarillo, alas de cisne; se recoge hacia el Cielo.","Corazón amarillo, alas de cisne: propicio ganar sostén."
58,翕,Recogimiento,7,次七,翕繳惻惻,翕繳惻惻被離害也,CHANT/TLS 四部叢刊 (Kanripo KR3g0001),"Recoge la flecha con hilo, doliéndose, doliéndose.",Recoger la flecha con hilo: sufre el daño.
58,翕,Recogimiento,8,次八,揮其罦絕其羂殆,揮罦絕羂危得遂也,CHANT/TLS 四部叢刊 (Kanripo KR3g0001),"Sacude su red, rompe su lazo: peligro.",Sacudir la red y romper el lazo: por el peligro sale adelante.
58,翕,Recogimiento,9,上九,㩣其角維用抵族,㩣其角殄厥類也,CHANT/TLS 四部叢刊 (Kanripo KR3g0001),"Abate su cuerno, sólo para embestir a los suyos. [verso oscuro]",Abatir el cuerno: extermina a su propia casta.
59,聚,Amontonamiento,0,首辭,陰氣收聚陽不禁禦物相崇聚,,CHANT/TLS 四部叢刊 (Kanripo KR3g0001),El aliento yin recoge y junta; el yang no lo veda; los seres se apiñan unos sobre otros.,
59,聚,Amontonamiento,1,初一,鬼神以無靈,鬼神無靈形不見也,CHANT/TLS 四部叢刊 (Kanripo KR3g0001),"Espíritus y espectros, por ello, sin numen.",Espíritus sin numen: su forma no se ve.
59,聚,Amontonamiento,2,次二,燕聚嘻嘻,燕聚嘻嘻樂淫愆也,CHANT/TLS 四部叢刊 (Kanripo KR3g0001),"El festín amontona risas, risas.",El festín que amontona risas: el gozo desborda en falta.
59,聚,Amontonamiento,3,次三,宗其高年群鬼之門,宗其高年鬼待敬也,CHANT/TLS 四部叢刊 (Kanripo KR3g0001),Honra a los de muchos años: la puerta de la hueste de espectros.,Honrar a los ancianos: los espectros aguardan reverencia.
59,聚,Amontonamiento,4,次四,牽羊示于叢社執圭信其左股野,牽羊于叢不足榮也,CHANT/TLS 四部叢刊 (Kanripo KR3g0001),"Lleva el cordero, lo muestra en el altar de la espesura; empuña la tablilla; confía en su muslo izquierdo: yermo. [verso oscuro]",Llevar el cordero a la espesura: no basta para la gloria.
59,聚,Amontonamiento,5,次五,鼎血之蕕九宗之好乃後有孚,鼎血之蕕信王命也,CHANT/TLS 四部叢刊 (Kanripo KR3g0001),"La sangre del caldero, la hierba fétida; el pacto de las nueve estirpes; y luego hay confianza. [verso oscuro]",La sangre del caldero: confía en el mandato del rey.
59,聚,Amontonamiento,6,次六,畏其鬼尊其禮狂作昧淫亡,畏鬼之狂過其正也,CHANT/TLS 四部叢刊 (Kanripo KR3g0001),"Teme a sus espectros, honra sus ritos; mas la locura al alzarse, ofuscada, en exceso, se pierde.",La locura de temer a los espectros: se pasa de lo recto.
59,聚,Amontonamiento,7,次七,竦萃于丘冢,竦萃丘冢禮不廢也,CHANT/TLS 四部叢刊 (Kanripo KR3g0001),Con reverencia se congrega en el túmulo.,Congregarse en el túmulo: el rito no se descuida.
59,聚,Amontonamiento,8,次八,鴟鳩在林㕹彼眾禽,鴟鳩在林眾所㕹也,CHANT/TLS 四部叢刊 (Kanripo KR3g0001),El búho-tórtola en el bosque dispersa a la bandada de aves. [verso oscuro],El búho en el bosque: lo que dispersa a la bandada.
59,聚,Amontonamiento,9,上九,垂涕纍鼻聚家之彙,垂涕纍鼻時命絕也,CHANT/TLS 四部叢刊 (Kanripo KR3g0001),"Lágrimas que caen, mocos que corren: la congregación de los de la casa.",Lágrimas y mocos: el mandato del tiempo se corta.
60,積,Acumulación,0,首辭,陰將大閉陽尚小開山川藪澤萬物攸歸,,CHANT/TLS 四部叢刊 (Kanripo KR3g0001),"El yin va a cerrarse del todo, el yang aún abre un poco; montes, ríos, marismas y lagunas: adonde los diez mil seres retornan.",
60,積,Acumulación,1,初一,冥積否作明基,冥積否在惡也,CHANT/TLS 四部叢刊 (Kanripo KR3g0001),Acopio oscuro: no; haz de ello base luminosa.,El acopio oscuro que no: reside en el mal.
60,積,Acumulación,2,次二,積不用而至于大用君子介心,積不用不可規度也,CHANT/TLS 四部叢刊 (Kanripo KR3g0001),"Acopia sin usar, y llega al gran uso; el noble guarda un corazón firme.",Acopiar sin usar: no se puede medir.
60,積,Acumulación,3,次三,積石不食費其勞力,積石不食無可獲也,CHANT/TLS 四部叢刊 (Kanripo KR3g0001),"Acopia piedras, incomibles; malgasta su esfuerzo.",Acopiar piedras: nada que ganar.
60,積,Acumulación,4,次四,君子積善至于車耳,君子積善至于蕃也,CHANT/TLS 四部叢刊 (Kanripo KR3g0001),El noble acopia el bien hasta las orejas del carro (hasta rebosar).,El noble que acopia el bien: hasta el florecimiento.
60,積,Acumulación,5,次五,藏不滿盜不嬴,藏滿盜嬴還自損也,CHANT/TLS 四部叢刊 (Kanripo KR3g0001),El granero no lleno; el ladrón no gana.,"Granero lleno, ladrón que gana: sólo se daña a sí mismo."
60,積,Acumulación,6,次六,大滿碩施得人無亢,大滿碩施人所來也,CHANT/TLS 四部叢刊 (Kanripo KR3g0001),"Muy pleno, dando en grande; gana a los hombres, sin altanería.",Muy pleno y dadivoso: a quien los hombres acuden.
60,積,Acumulación,7,次七,魁而顏而玉帛班而決欲招寇,魁而顏而盜之招也,CHANT/TLS 四部叢刊 (Kanripo KR3g0001),Prominente y de buen rostro; jade y seda desplegados; ese alarde llama al saqueador. [verso oscuro],Prominente y ostentoso: una invitación al ladrón.
60,積,Acumulación,8,次八,積善辰禍維先之罪,積善辰禍非己辜也,CHANT/TLS 四部叢刊 (Kanripo KR3g0001),"Acopia el bien, y con todo una desgracia a su hora: sólo la culpa de los que antecedieron.",Bien acopiado y desgracia: no es su propia culpa.
60,積,Acumulación,9,上九,小人積非至于苗裔,小人積非禍所骫也,CHANT/TLS 四部叢刊 (Kanripo KR3g0001),"El hombre pequeño acopia lo torcido, hasta su descendencia.",El pequeño que acopia lo torcido: donde la desgracia se enrosca.
61,餙,Ornamento,0,首辭,陰白陽黑分行其職出入有飾,,CHANT/TLS 四部叢刊 (Kanripo KR3g0001),"El yin blanco, el yang negro; reparten su oficio; en el salir y el entrar hay ornato.",
61,餙,Ornamento,1,初一,言不言不以言,言不言默而信也,CHANT/TLS 四部叢刊 (Kanripo KR3g0001),Habla sin hablar; no por palabras.,"Hablar sin hablar: callado, y con todo se le cree."
61,餙,Ornamento,2,次二,無質飾先文後失服,無質先文失貞也,CHANT/TLS 四部叢刊 (Kanripo KR3g0001),"Sin sustancia, adorna; el patrón primero, la sustancia después: pierde la vestidura. [verso oscuro]","Sin sustancia, el patrón primero: pierde la rectitud."
61,餙,Ornamento,3,次三,吐黃舌拑黃聿利見哲人,舌聿之利利見知人也,CHANT/TLS 四部叢刊 (Kanripo KR3g0001),"Saca la lengua amarilla, empuña el pincel amarillo; propicio ver al hombre sabio.",El provecho de lengua y pincel: propicio topar con el que discierne.
61,餙,Ornamento,4,次四,利口哇哇商人之貞,哇哇之貞利于商也,CHANT/TLS 四部叢刊 (Kanripo KR3g0001),"Boca hábil, cháchara y cháchara: la rectitud del mercader.",La rectitud de la cháchara: propicia para el comercio.
61,餙,Ornamento,5,次五,下言如水實以天牝,下言之水能自沖也,CHANT/TLS 四部叢刊 (Kanripo KR3g0001),Palabras humildes como el agua; colmadas por la Hembra del Cielo.,Palabras como agua: capaces de vaciarse a sí mismas.
61,餙,Ornamento,6,次六,言無追如抑亦飛如大人震風,言無追如抑亦揚也,CHANT/TLS 四部叢刊 (Kanripo KR3g0001),"Palabra sin retorno; contenida, y aun así vuela; el gran hombre: trueno y viento.","Palabra sin retorno: contenida, y aun así se remonta."
61,餙,Ornamento,7,次七,不丁言時微于辭見上疑,不丁言時何可章也,CHANT/TLS 四部叢刊 (Kanripo KR3g0001),No habla a su hora; tenue en el decir; el superior recela. [verso oscuro],No hablar a su hora: ¿cómo se ha de manifestar?
61,餙,Ornamento,8,次八,蛁鳴喁喁血出其口,蛁鳴喁喁口自傷也,CHANT/TLS 四部叢刊 (Kanripo KR3g0001),"La cigarra chirría, chirr, chirr; la sangre sale de su boca.",La cigarra que chirría: la boca se hiere a sí misma.
61,餙,Ornamento,9,上九,白舌于于屈于根君子否信,白舌于于誠可長也,CHANT/TLS 四部叢刊 (Kanripo KR3g0001),"La lengua blanca, lenta, lenta; se dobla en la raíz; el noble: no; confianza. [verso oscuro]","La lengua blanca, lenta: de veras puede perdurar."
62,疑,Duda,0,首辭,陰陽相磑物咸彫離若是若非,,CHANT/TLS 四部叢刊 (Kanripo KR3g0001),"Yin y yang se muelen uno a otro; los seres se marchitan y se apartan, como siendo y no siendo.",
62,疑,Duda,1,初一,疑恛恛失貞矢,疑恛失貞何可定也,CHANT/TLS 四部叢刊 (Kanripo KR3g0001),"Duda, vacilando, vacilando; pierde la flecha recta.",Duda que pierde la rectitud: ¿cómo asentarla?
62,疑,Duda,2,次二,疑自反孚不遠,疑自反反清靜也,CHANT/TLS 四部叢刊 (Kanripo KR3g0001),Duda que se vuelve sobre sí; la confianza no está lejos.,Duda que se vuelve sobre sí: retorna a lo claro y quieto.
62,疑,Duda,3,次三,疑彊昭受茲閔閔于其心祖,疑彊昭中心冥也,CHANT/TLS 四部叢刊 (Kanripo KR3g0001),"Duda forzada a la luz; recibe esto; compasiva, compasiva, en el ancestro del corazón. [verso oscuro]","Duda forzada a la luz: el corazón íntimo, oscuro."
62,疑,Duda,4,次四,疑考舊遇貞孚,疑考舊先問也,CHANT/TLS 四部叢刊 (Kanripo KR3g0001),"Duda, consulta lo antiguo, halla la rectitud: confianza.",Consultar lo antiguo: primero se pregunta.
62,疑,Duda,5,次五,赨黃疑金中,赨黃疑中邪奪正也,CHANT/TLS 四部叢刊 (Kanripo KR3g0001),Rojo y amarillo dudan del metal por dentro. [verso oscuro],Duda en el centro: lo torcido arrebata a lo recto.
62,疑,Duda,6,次六,誓貞可聽疑則有誠,誓貞可聽明王命也,CHANT/TLS 四部叢刊 (Kanripo KR3g0001),"Un juramento recto puede escucharse; dudado, y con todo hay sinceridad.",Un juramento recto que se escucha: esclarece el mandato del rey.
62,疑,Duda,7,次七,鬼魂疑嚘嗚弋木之烏射穴之狐反目耳厲,鬼魂之疑誠不可信也,CHANT/TLS 四部叢刊 (Kanripo KR3g0001),"Las almas de los muertos dudan, gimiendo, gimiendo; flecha al cuervo del árbol, flecha al zorro de la madriguera; ojos y oídos vueltos del revés: peligro. [verso oscuro]",La duda de las almas: de veras no es de fiar.
62,疑,Duda,8,次八,顛疑遇幹客三歲不射,顛疑遇客甚足敬也,CHANT/TLS 四部叢刊 (Kanripo KR3g0001),Duda que se derrumba; encuentra al huésped firme; tres años sin disparar. [verso oscuro],Duda que encuentra al huésped: muy digno de respeto.
62,疑,Duda,9,上九,九疑無信控弧擬麋無,九疑無信終無所名也,CHANT/TLS 四部叢刊 (Kanripo KR3g0001),"Nueve dudas sin fe; tensa el arco, apunta al alce: nada. [verso oscuro]","Nueve dudas sin fe: al fin, nada que nombrar."
63,視,Vigilia,0,首辭,陰成魄陽成妣物之形貌咸可視,,CHANT/TLS 四部叢刊 (Kanripo KR3g0001),"El yin cuaja el alma-blanca, el yang cuaja la antepasada; la forma y el aspecto de los seres, todo se deja ver.",
63,視,Vigilia,1,初一,內其明不用其光,內其明自窺深也,CHANT/TLS 四部叢刊 (Kanripo KR3g0001),Guarda su claridad por dentro; no usa su luz.,Guardar la claridad: escruta su propia hondura.
63,視,Vigilia,2,次二,君子視內小人視外,小人視外不能見心也,CHANT/TLS 四部叢刊 (Kanripo KR3g0001),"El noble mira hacia dentro, el hombre pequeño hacia fuera.",El pequeño que mira afuera: no puede ver el corazón.
63,視,Vigilia,3,次三,視其德可以幹王之國,視德之幹乃能有全也,CHANT/TLS 四部叢刊 (Kanripo KR3g0001),Mira a su virtud; puede servir de armazón al reino del rey.,Mirar el armazón de la virtud: entonces puede haber integridad.
63,視,Vigilia,4,次四,粉其題䪻雨其渥須視無姝,粉題雨須不可忍瞻也,CHANT/TLS 四部叢刊 (Kanripo KR3g0001),"Empolva su frente, unta su barba lustrosa; míralo: nada hermoso. [verso oscuro]",Frente empolvada y barba untada: insoportable de mirar.
63,視,Vigilia,5,次五,鸞鳳紛如厥德暉如,鸞鳳紛如德光皓也,CHANT/TLS 四部叢刊 (Kanripo KR3g0001),"Fénix en profusión; su virtud, radiante.","Fénix en profusión: la luz de la virtud, esplendente."
63,視,Vigilia,6,次六,素車翠蓋維視之害貞,素車翠蓋徒好外也,CHANT/TLS 四部叢刊 (Kanripo KR3g0001),"Carro llano, dosel de martín pescador; sólo para ser mirado: daño; recto. [verso oscuro]",Carro llano y dosel vistoso: sólo ama lo de fuera.
63,視,Vigilia,7,次七,視其瑕無穢,視其瑕能自矯也,CHANT/TLS 四部叢刊 (Kanripo KR3g0001),Mira su propia tacha; sin mancha.,Mirar la propia tacha: capaz de corregirse.
63,視,Vigilia,8,次八,翡翠于飛離其翼狐鼦之毛躬之賊,翡翠狐鼦好作咎也,CHANT/TLS 四部叢刊 (Kanripo KR3g0001),El martín pescador en vuelo pierde su ala; el pelaje del zorro y la marta: la ruina del propio cuerpo.,"Martín, zorro y marta: la belleza labra la desgracia."
63,視,Vigilia,9,上九,日沒其光賁于東方用視厥始,日沒賁東終顧始也,CHANT/TLS 四部叢刊 (Kanripo KR3g0001),"El sol hunde su luz, orla el oriente; úsalo para mirar su comienzo.",El sol que se hunde y orla el este: el fin vuelve los ojos al principio.
64,沈,Hundimiento,0,首辭,陰懷于陽陽懷于陰志在玄宮,,CHANT/TLS 四部叢刊 (Kanripo KR3g0001),"El yin se abriga en el yang, el yang en el yin; su anhelo está en el Palacio del Misterio.",
64,沈,Hundimiento,1,初一,沈耳于閨不聞貞,沈耳于閨失德體也,CHANT/TLS 四部叢刊 (Kanripo KR3g0001),Hunde el oído en la alcoba; no oye: recto.,Hundir el oído en la alcoba: pierde el cuerpo de la virtud.
64,沈,Hundimiento,2,次二,沈視自見賢於眇之眄,沈視之見得正美也,CHANT/TLS 四部叢刊 (Kanripo KR3g0001),El mirar hundido se ve a sí mismo; mejor que la ojeada del bizco.,El ver hundido: alcanza la belleza verdadera.
64,沈,Hundimiento,3,次三,沈于美失貞矢,沈于美作聾盲也,CHANT/TLS 四部叢刊 (Kanripo KR3g0001),Se hunde en la belleza; pierde la flecha recta.,Hundirse en la belleza: se hace sordo y ciego.
64,沈,Hundimiento,4,次四,宛雛沈視食苦貞,宛雛沈視擇食方也,CHANT/TLS 四部叢刊 (Kanripo KR3g0001),"El polluelo tierno, la mirada hundida; se nutre de lo amargo: recto. [verso oscuro]",El polluelo de mirada hundida: escoge su alimento con método.
64,沈,Hundimiento,5,次五,雕鷹高翔沈其腹好𡢘惡粥,雕鷹高翔在腐糧也,CHANT/TLS 四部叢刊 (Kanripo KR3g0001),"El águila que planea alto hunde su vientre; ama lo suculento, aborrece el caldo. [verso oscuro]",El águila que planea alto: puesta en el grano podrido.
64,沈,Hundimiento,6,次六,見票如累明利以正于王,見票如累其道明也,CHANT/TLS 四部叢刊 (Kanripo KR3g0001),Ve el titileo como carga; claro; propicio enderezarlo ante el rey. [verso oscuro],Ver el titileo como carga: su vía es clara.
64,沈,Hundimiento,7,次七,離如婁如赤肉鴟梟厲,離婁赤肉食不臧也,CHANT/TLS 四部叢刊 (Kanripo KR3g0001),"Apartando así, enredando así; carne roja, búho y cárabo: peligro. [verso oscuro]",Carne roja: el comer no es bueno.
64,沈,Hundimiento,8,次八,盼得藥利征,盼得其藥利征邁也,CHANT/TLS 四部叢刊 (Kanripo KR3g0001),Mira y obtiene el remedio; propicio marchar.,Obtener el remedio: propicio avanzar.
64,沈,Hundimiento,9,上九,血如剛沈于顙前尸後喪,血剛沈顙終以貪敗也,CHANT/TLS 四部叢刊 (Kanripo KR3g0001),"Sangre como si dura; se hunde en la frente; cadáver delante, duelo detrás.","Sangre que se hunde en la frente: al fin, arruinado por la codicia."
65,內,Lo Interior,0,首辭,陰去其內而在于外陽去其外而在乎內萬物之既,,CHANT/TLS 四部叢刊 (Kanripo KR3g0001),"El yin deja su dentro y se pone afuera, el yang deja su fuera y se pone adentro: el acabamiento de los diez mil seres.",
65,內,Lo Interior,1,初一,謹于媐㐜初貞後寧,謹于媐㐜始女貞也,CHANT/TLS 四部叢刊 (Kanripo KR3g0001),"Cauto en el gozo; al principio recto, después en paz. [verso oscuro]","Cauto en el gozo: al comienzo, la rectitud de la doncella."
65,內,Lo Interior,2,次二,邪其內主迂彼黃床,邪其內主遠乎寧也,CHANT/TLS 四部叢刊 (Kanripo KR3g0001),Tuerce a su dueño interior; da rodeos en torno a aquel lecho amarillo. [verso oscuro],Torcer al dueño interior: lejos del sosiego.
65,內,Lo Interior,3,次三,爾儀而悲坎我西階,爾儀而悲代母情也,CHANT/TLS 四部叢刊 (Kanripo KR3g0001),"Tu decoro, y con todo el duelo; una fosa en mi peldaño del oeste. [verso oscuro]",Decoro y duelo: el sentir de quien releva a la madre.
65,內,Lo Interior,4,次四,好小好危喪其縕袍厲,好小好危不足榮也,CHANT/TLS 四部叢刊 (Kanripo KR3g0001),"Ama lo pequeño, ama lo peligroso; pierde su túnica acolchada: peligro.",Amar lo pequeño y lo peligroso: no basta para la gloria.
65,內,Lo Interior,5,次五,龍下于泥君子利用取媐遇庸夷,龍下于泥陽下陰也,CHANT/TLS 四部叢刊 (Kanripo KR3g0001),El dragón baja al fango; el noble aprovecha para tomar esposa; encuentra lo común y lo llano. [verso oscuro],El dragón que baja al fango: el yang se pone bajo el yin.
65,內,Lo Interior,6,次六,黃昏于飛內其羽雖欲滿宮不見其女,黃昏內羽不能自禁也,CHANT/TLS 四部叢刊 (Kanripo KR3g0001),"Al crepúsculo, en vuelo, recoge sus alas; aunque quiera llenar el palacio, no ve a su mujer.",Recoger las alas al crepúsculo: no puede contenerse.
65,內,Lo Interior,7,次七,枯垣生莠皬頭內其稚婦有,枯垣生莠物慶類也,CHANT/TLS 四部叢刊 (Kanripo KR3g0001),El muro seco cría cizaña; cabeza cana; toma en casa a su joven esposa: hay descendencia. [verso oscuro],El muro seco que cría cizaña: los seres se alegran en su casta.
65,內,Lo Interior,8,次八,內不克婦荒家及國涉深不測,內不克婦國之孽也,CHANT/TLS 四部叢刊 (Kanripo KR3g0001),"Por dentro no domina a la esposa; arruina la casa, y alcanza al reino; vadea lo hondo, insondable.",No dominar a la esposa: la ruina del reino.
65,內,Lo Interior,9,上九,雨降于地不得止不得過,雨降于地澤節也,CHANT/TLS 四部叢刊 (Kanripo KR3g0001),"La lluvia baja a la tierra; no puede detenerse, no puede rebasar.",La lluvia que baja a la tierra: la merced es mesurada.
66,去,Partida,0,首辭,陽去其陰陰去其陽物咸倜倡,,CHANT/TLS 四部叢刊 (Kanripo KR3g0001),"El yang deja su yin, el yin deja su yang; los seres todos se sueltan y se desbandan.",
66,去,Partida,1,初一,去此靈淵舍彼枯園,去此靈淵不以謙將也,CHANT/TLS 四部叢刊 (Kanripo KR3g0001),Deja este abismo numinoso; mora en aquel jardín marchito.,Dejar el abismo numinoso: no guiado por la humildad.
66,去,Partida,2,次二,去彼枯園舍下靈淵,舍下靈淵謙道光也,CHANT/TLS 四部叢刊 (Kanripo KR3g0001),Deja aquel jardín marchito; mora abajo en el abismo numinoso.,Morar en el abismo numinoso: la vía de la humildad resplandece.
66,去,Partida,3,次三,高其步之堂有露,高步有露妄行也,CHANT/TLS 四部叢刊 (Kanripo KR3g0001),Sube altivo al salón; hay rocío.,Paso altivo con rocío: un andar temerario.
66,去,Partida,4,次四,去于父子去于臣主,去于父子非所望也,CHANT/TLS 四部叢刊 (Kanripo KR3g0001),Se aparta de padre e hijo; se aparta de ministro y señor.,Apartarse de padre e hijo: no es lo que se espera.
66,去,Partida,5,次五,攓其衣之庭有麋,攓衣有麋亦可懼也,CHANT/TLS 四部叢刊 (Kanripo KR3g0001),Se arremanga la ropa hacia el patio; hay un alce. [verso oscuro],Ropa arremangada con alce: también es de temer.
66,去,Partida,6,次六,躬去于成天遺厥名,躬去于成讓不居也,CHANT/TLS 四部叢刊 (Kanripo KR3g0001),En persona se retira en la cima del logro; el Cielo preserva su nombre.,Retirarse en la cima: cede y no se queda.
66,去,Partida,7,次七,去其德貞三死不令,去其德貞終死醜也,CHANT/TLS 四部叢刊 (Kanripo KR3g0001),"Se aparta de su virtud y rectitud; tres veces muerto, sin renombre.",Apartarse de la virtud recta: al fin muere en vergüenza.
66,去,Partida,8,次八,月高弦火幾縣不可以動動有愆,月弦火縣恐見咎也,CHANT/TLS 四部叢刊 (Kanripo KR3g0001),"La luna alta, media tensa; el fuego casi colgado; no se debe mover; moverse es falta. [verso oscuro]",Luna tensa y fuego colgado: teme incurrir en falta.
66,去,Partida,9,上九,求我不得自我西北,求我不得安可久也,CHANT/TLS 四部叢刊 (Kanripo KR3g0001),Me busca y no me halla; desde mi noroeste.,Buscarme sin hallarme: ¿cómo va a durar?
67,晦,Oscurecimiento,0,首辭,陰登于陽陽降于陰物咸喪明,,CHANT/TLS 四部叢刊 (Kanripo KR3g0001),"El yin sube al yang, el yang baja al yin; los seres todos pierden su luz.",
67,晦,Oscurecimiento,1,初一,同冥獨見幽貞,同冥獨見中獨昭也,CHANT/TLS 四部叢刊 (Kanripo KR3g0001),"Uno con la tiniebla, a solas ve; oculto: recto.","Uno con la tiniebla que ve solo: por dentro, a solas, es luminoso."
67,晦,Oscurecimiento,2,次二,盲征否,盲征否明不見道也,CHANT/TLS 四部叢刊 (Kanripo KR3g0001),"Ciego, marcha: no.",Ciego que marcha: la claridad no ve la vía.
67,晦,Oscurecimiento,3,次三,陰行陽從利作不凶,陰行陽從事必外也,CHANT/TLS 四部叢刊 (Kanripo KR3g0001),"El yin va, el yang sigue; propicio obrar, sin infortunio.",El yin va y el yang sigue: el asunto ha de ir afuera.
67,晦,Oscurecimiento,4,次四,晦其類失金匱,晦其類法度廢也,CHANT/TLS 四部叢刊 (Kanripo KR3g0001),Oscurece a los suyos; pierde el cofre de metal.,Oscurecer a los suyos: ley y medida caen en desuso.
67,晦,Oscurecimiento,5,次五,日正中月正隆君子自晦不入窮,日中月隆明恐挫也,CHANT/TLS 四部叢刊 (Kanripo KR3g0001),"El sol en pleno mediodía, la luna en plenitud; el noble se oscurece a sí mismo y no entra en el aprieto.",Sol y luna en su colmo: la claridad teme ser quebrada.
67,晦,Oscurecimiento,6,次六,玄鳥維愁明降于幽,玄鳥維愁將下昧也,CHANT/TLS 四部叢刊 (Kanripo KR3g0001),El ave oscura sólo se apena; la claridad desciende a la penumbra.,El ave oscura que se apena: a punto de hundirse en lo oscuro.
67,晦,Oscurecimiento,7,次七,睄睼明或遵之行,睄睼明德將遵行也,CHANT/TLS 四部叢刊 (Kanripo KR3g0001),Apenas vislumbra la claridad; alguno la sigue en su andar. [verso oscuro],Vislumbrar la clara virtud: será seguida.
67,晦,Oscurecimiento,8,次八,視非其真夷其右目滅國喪家,視非夷目國以喪也,CHANT/TLS 四部叢刊 (Kanripo KR3g0001),"Mira lo que no es verdadero; se hiere el ojo derecho; arruina el reino, pierde la casa.",Mirar lo falso y herir el ojo: el reino se pierde por ello.
67,晦,Oscurecimiento,9,上九,晦冥冥利于不明之貞,晦冥之利不得獨明也,CHANT/TLS 四部叢刊 (Kanripo KR3g0001),"Oscureciendo, oscuro, oscuro; propicio en la rectitud de no relucir.",El provecho de oscurecerse: no se debe relucir a solas.
68,瞢,Atenuación,0,首辭,陰征南陽征北物失明貞莫不瞢瞢,,CHANT/TLS 四部叢刊 (Kanripo KR3g0001),"El yin marcha al sur, el yang al norte; los seres pierden su recta claridad; no hay quien no se anuble.",
68,瞢,Atenuación,1,初一,瞢腹睒天不覩其畛,瞢腹睒天無能見也,CHANT/TLS 四部叢刊 (Kanripo KR3g0001),Vientre nublado ojea el Cielo; no ve sus lindes.,Vientre nublado que ojea el Cielo: incapaz de ver.
68,瞢,Atenuación,2,次二,明腹睒天覩其根,明腹睒天中獨爛也,CHANT/TLS 四部叢刊 (Kanripo KR3g0001),Vientre claro ojea el Cielo; ve su raíz.,"Vientre claro que ojea el Cielo: por dentro, a solas, arde."
68,瞢,Atenuación,3,次三,師或導射豚其埻,師或導射無以辨也,CHANT/TLS 四部叢刊 (Kanripo KR3g0001),"El maestro tal vez guía el disparo; el lechón, en su blanco. [verso oscuro]",El maestro que guía el disparo: nada con qué distinguir.
68,瞢,Atenuación,4,次四,鑒貞不迷于人攸資,鑒貞不迷誠可信也,CHANT/TLS 四部叢刊 (Kanripo KR3g0001),"El espejo, recto, no se confunde; aquello en que los hombres se apoyan.",El espejo recto que no se confunde: de veras es de fiar.
68,瞢,Atenuación,5,次五,倍明仮光觸蒙昏,倍明仮光人可頻也,CHANT/TLS 四部叢刊 (Kanripo KR3g0001),"Da la espalda a la claridad, toma prestada una luz falsa; tropieza con la ceguera confusa.","Espalda a la claridad, luz prestada: los hombres fruncen el ceño."
68,瞢,Atenuación,6,次六,瞢瞢之離不宜熒且𡛖,瞢瞢之離中薆薆也,CHANT/TLS 四部叢刊 (Kanripo KR3g0001),La partición de lo nublado; impropia; titilante y velada. [verso oscuro],"La partición de lo nublado: por dentro, velada y velada."
68,瞢,Atenuación,7,次七,瞢奸明其所惡,瞢奸之惡著不可昧也,CHANT/TLS 四部叢刊 (Kanripo KR3g0001),La traición nublada hace patente lo que aborrece.,"El mal de la traición nublada: manifiesto, no se puede ocultar."
68,瞢,Atenuación,8,次八,昏辰利于月小貞未及星,昏辰利月尚可願也,CHANT/TLS 四部叢刊 (Kanripo KR3g0001),La hora del ocaso favorece a la luna; rectitud pequeña; aún no llega a las estrellas.,La hora del ocaso favorece a la luna: aún cabe desearlo.
68,瞢,Atenuación,9,上九,時𨲠𨲠不獲其嘉男子折笄婦人易哿,不獲其嘉男死婦歎也,CHANT/TLS 四部叢刊 (Kanripo KR3g0001),"Los tiempos, nublados, nublados; no logra su ventura; el varón quiebra su horquilla, la mujer trueca su gozo. [verso oscuro]","No lograr la ventura: el varón muere, la mujer suspira."
69,窮,Agotamiento,0,首辭,陰氣塞宇陽亡其所萬物窮遽,,CHANT/TLS 四部叢刊 (Kanripo KR3g0001),"El aliento yin tapona la bóveda, el yang pierde su sitio; los diez mil seres, acorralados y en apremio.",
69,窮,Agotamiento,1,初一,窮其窮而民好中,窮其窮情在中也,CHANT/TLS 四部叢刊 (Kanripo KR3g0001),"Agota su agotamiento, y el pueblo ama el centro.",Agotar el agotamiento: el sentir está en el centro.
69,窮,Agotamiento,2,次二,窮不窮而民不中,窮不窮詐可隆也,CHANT/TLS 四部叢刊 (Kanripo KR3g0001),"Agotamiento no agotado, y el pueblo no centrado.",Agotamiento no agotado: el engaño puede crecer.
69,窮,Agotamiento,3,次三,窮思達,窮思達師在心也,CHANT/TLS 四部叢刊 (Kanripo KR3g0001),"Agotado, y aun así piensa atravesar.",Agotado y pensando atravesar: el maestro está en el corazón.
69,窮,Agotamiento,4,次四,土不和木科橢,土不和病乎民也,CHANT/TLS 四部叢刊 (Kanripo KR3g0001),"La tierra sin concordia; los huecos del árbol, torcidos. [verso oscuro]",La tierra sin concordia: enferma al pueblo.
69,窮,Agotamiento,5,次五,羹無糝其腹坎坎不失其範,羹無糝猶不失其正也,CHANT/TLS 四部叢刊 (Kanripo KR3g0001),"Caldo sin grano; su vientre hueco, hueco; y con todo no pierde su molde.",Caldo sin grano: y aun así no pierde su rectitud.
69,窮,Agotamiento,6,次六,山無角水無鱗困犯身,山無角困百姓也,CHANT/TLS 四部叢刊 (Kanripo KR3g0001),"El monte sin cima, el agua sin escama; la penuria asalta el cuerpo.",El monte sin cima: penuria para el pueblo.
69,窮,Agotamiento,7,次七,正其足蹛于狴獄三歲見錄,正其足險得平也,CHANT/TLS 四部叢刊 (Kanripo KR3g0001),Endereza sus pies; encadenado en la cárcel; en tres años lo inscriben.,Enderezar los pies: del peligro alcanza lo llano.
69,窮,Agotamiento,8,次八,涉于霜雪纍項于䣛,纍項于䣛亦不足生也,CHANT/TLS 四部叢刊 (Kanripo KR3g0001),Vadea escarcha y nieve; el cuello atado a la rodilla.,El cuello atado a la rodilla: no basta para vivir.
69,窮,Agotamiento,9,上九,破璧毀圭臼竈生鼃天禍以他,破璧毀圭逢不幸也,CHANT/TLS 四部叢刊 (Kanripo KR3g0001),"Disco de jade roto, tablilla quebrada; mortero y fogón crían ranas; la desgracia del Cielo por otra vía.",Jade roto y tablilla quebrada: topa con la desventura.
70,割,Ruptura,0,首辭,陰氣割物陽形縣殺七日幾絕,,CHANT/TLS 四部叢刊 (Kanripo KR3g0001),"El aliento yin siega a los seres; la forma yang cuelga mermada; a los siete días, casi extinta.",
70,割,Ruptura,1,初一,割其耳目及其心腹厲,割其耳目中無外也,CHANT/TLS 四部叢刊 (Kanripo KR3g0001),"Corta sus oídos y ojos, y alcanza su corazón y su vientre: peligro.","Cortar oídos y ojos: por dentro, nada afuera."
70,割,Ruptura,2,次二,割其肬贅利以無穢,割其肬贅惡不得大也,CHANT/TLS 四部叢刊 (Kanripo KR3g0001),"Corta su verruga y su lobanillo; propicio, para estar sin tacha.",Cortar verruga y lobanillo: el mal no puede crecer.
70,割,Ruptura,3,次三,割鼻食口喪其息主,割鼻喪主損無榮也,CHANT/TLS 四部叢刊 (Kanripo KR3g0001),"Corta la nariz, alimenta la boca; pierde a su dueño del aliento.",Cortar la nariz: pérdida sin gloria.
70,割,Ruptura,4,次四,宰割平平,宰割平平能有成也,CHANT/TLS 四部叢刊 (Kanripo KR3g0001),"El corte del carnicero, parejo, parejo.",El corte parejo: puede haber consumación.
70,割,Ruptura,5,次五,割其股肱喪其服馬,割其股肱亡大臣也,CHANT/TLS 四部叢刊 (Kanripo KR3g0001),Corta su muslo y su brazo; pierde su caballo de tiro.,Cortar muslo y brazo: pierde a los grandes ministros.
70,割,Ruptura,6,次六,割之無創飽于四方,割之無創道可分也,CHANT/TLS 四部叢刊 (Kanripo KR3g0001),Lo corta sin herida; saciado en los cuatro rumbos.,Cortar sin herida: la vía se puede repartir.
70,割,Ruptura,7,次七,紫蜺矞雲朋圍日其疾不割,紫蜺矞雲不知刊也,CHANT/TLS 四部叢刊 (Kanripo KR3g0001),"Arco iris morado, nubes en jirones cercan al sol; su mal no se corta. [verso oscuro]",Arco iris y nubes: no sabe podarlo.
70,割,Ruptura,8,次八,割其蠹得我心疾,割其蠹國所便也,CHANT/TLS 四部叢刊 (Kanripo KR3g0001),Corta su carcoma; alivia el mal de mi corazón.,Cortar la carcoma: lo que conviene al reino.
70,割,Ruptura,9,上九,割肉取骨滅頂于血,割肉滅血不能自全也,CHANT/TLS 四部叢刊 (Kanripo KR3g0001),Corta la carne para sacar el hueso; ahoga la coronilla en sangre.,Cortar la carne y ahogar en sangre: no puede guardarse entero.
71,止,Detención,0,首辭,陰大止物於上陽亦止物於下下上俱止,,CHANT/TLS 四部叢刊 (Kanripo KR3g0001),"El yin detiene en grande a los seres arriba, el yang también los detiene abajo; abajo y arriba, todo se detiene.",
71,止,Detención,1,初一,止于止內明無咎,止于止智足明也,CHANT/TLS 四部叢刊 (Kanripo KR3g0001),Se detiene en el punto de detenerse; claridad interior: sin falta.,Detenerse a tiempo: sabiduría bastante para ser claro.
71,止,Detención,2,次二,車軔俟馬酋止,車軔馬止不可以行也,CHANT/TLS 四部叢刊 (Kanripo KR3g0001),El carro frenado aguarda al caballo; maduramente se detiene.,"Carro frenado, caballo detenido: no se puede andar."
71,止,Detención,3,次三,關其門戶用止狂蠱,關其門戶禦不當也,CHANT/TLS 四部叢刊 (Kanripo KR3g0001),Atranca sus puertas para detener el veneno de la locura.,Atrancar las puertas: ataja lo que no toca.
71,止,Detención,4,次四,止于童木求其䟽穀,止于童木其求窮也,CHANT/TLS 四部叢刊 (Kanripo KR3g0001),Se detiene en el arbolillo; busca en él su grano ralo.,Detenerse en el arbolillo: su búsqueda se agota.
71,止,Detención,5,次五,柱奠廬蓋蓋車轂均䟽,柱及蓋轂貴中也,CHANT/TLS 四部叢刊 (Kanripo KR3g0001),"El pilar apuntala el cobertizo; el cubo del carro, de rayos parejos. [verso oscuro]","Pilar, cubierta y cubo: prizan el centro."
71,止,Detención,6,次六,方輪廉軸坎軻其輿,方輪坎軻還自震也,CHANT/TLS 四部叢刊 (Kanripo KR3g0001),"Rueda cuadrada, eje anguloso; a tumbos, a tumbos su carruaje.",Rueda cuadrada a tumbos: sólo se sacude a sí misma.
71,止,Detención,7,次七,車纍其傂馬擸其蹄止貞,車纍馬擸行可鄰也,CHANT/TLS 四部叢刊 (Kanripo KR3g0001),"El carro traba su rueda, el caballo arrastra su casco; se detiene: recto.","Carro trabado, caballo que arrastra: el andar puede acercarse."
71,止,Detención,8,次八,弓善反弓惡反善馬恨惡馬恨絕弸破車終不偃,弓反馬恨終不可以也,CHANT/TLS 四部叢刊 (Kanripo KR3g0001),"El buen arco rebota, el mal arco rebota; el buen caballo se resiente, el mal caballo se resiente; la cuerda salta, el carro se rompe; al fin no se detiene. [verso oscuro]","Arco que rebota, caballo que se resiente: al fin, no puede ser."
71,止,Detención,9,上九,折于株木輆于砭石止,折木輆石君子所止也,CHANT/TLS 四部叢刊 (Kanripo KR3g0001),"Se quiebra en el tocón, se magulla en la piedra-lanceta; se detiene.",Quebrarse en el tocón y la piedra: donde el noble se detiene.
72,堅,Dureza,0,首辭,陰形胼冒陽喪其緒物競堅彊,,CHANT/TLS 四部叢刊 (Kanripo KR3g0001),"La forma yin se encallece y cubre, el yang pierde su hilo; los seres compiten en dureza y fuerza.",
72,堅,Dureza,1,初一,磐石固內不化貞,磐石固內不可化也,CHANT/TLS 四部叢刊 (Kanripo KR3g0001),Peña firme por dentro; inmutable: recto.,Peña firme por dentro: no se puede transformar.
72,堅,Dureza,2,次二,堅白玉形內化貞,堅白玉形變可為也,CHANT/TLS 四部叢刊 (Kanripo KR3g0001),Dura forma de jade blanco; por dentro se transforma: recto. [verso oscuro],Dura forma de jade: el cambio se puede obrar.
72,堅,Dureza,3,次三,堅不凌或泄其中,堅不凌不能持齊也,CHANT/TLS 四部叢刊 (Kanripo KR3g0001),"Dura, mas no domina; algo se filtra de su centro.",Dura sin dominar: no puede sostenerse pareja.
72,堅,Dureza,4,次四,小蜂營營螮其蛡蛡不介在堅,小蜂營營固其氐也,CHANT/TLS 四部叢刊 (Kanripo KR3g0001),"La abejita, afanosa, afanosa, con sus larvas; no firme, aun puesta en lo duro. [verso oscuro]",La abejita afanosa: asegura su base.
72,堅,Dureza,5,次五,蛡大螮小虛,蛡大螮小國虛空也,CHANT/TLS 四部叢刊 (Kanripo KR3g0001),"La larva grande, la madre pequeña: vacío. [verso oscuro]","Larva grande, madre pequeña: el reino, hueco y vacío."
72,堅,Dureza,6,次六,韱螮紗紗縣于九州,韱螮之縣民以康也,CHANT/TLS 四部叢刊 (Kanripo KR3g0001),"Hilos finos, gasa y gasa, colgados sobre las Nueve Provincias. [verso oscuro]","Los hilos colgados: el pueblo por ello, en paz."
72,堅,Dureza,7,次七,堅顛觸冢,堅顛觸冢不知所行也,CHANT/TLS 四部叢刊 (Kanripo KR3g0001),"Dura, se derrumba, golpeando el túmulo.",Dura y derrumbada: no sabe adónde ir.
72,堅,Dureza,8,次八,怙堅禍惟用解𧋈之貞,怙堅禍用直方也,CHANT/TLS 四部叢刊 (Kanripo KR3g0001),"Fiarse de la dureza, desgracia; sólo vale la rectitud de disolver el veneno.",Fiarse de la dureza: usa lo recto y cuadrado.
72,堅,Dureza,9,上九,蜂焚其蛡喪于尸,蜂焚其蛡所憑喪也,CHANT/TLS 四部叢刊 (Kanripo KR3g0001),"La abeja quema su propia cría; perdida, al cadáver.",La abeja que quema su cría: lo que la sostenía se pierde.
73,成,Consumación,0,首辭,陰氣方清陽藏於靈物濟成形,,CHANT/TLS 四部叢刊 (Kanripo KR3g0001),"El aliento yin recién límpido, el yang oculto en el numen; los seres se logran y cobran forma.",
73,成,Consumación,1,初一,成若否其用不已冥,成若否所以不敗也,CHANT/TLS 四部叢刊 (Kanripo KR3g0001),Consumado como si no; su uso incesante: oscuro.,Consumado como si no: por eso no fracasa.
73,成,Consumación,2,次二,成微改改未成而殆,成微改改不能自遂也,CHANT/TLS 四部叢刊 (Kanripo KR3g0001),"Consuma apenas, cambiando, cambiando; aún no consumado, y en peligro.","Consumar apenas, cambiando: no puede llevarse a cabo."
73,成,Consumación,3,次三,成躍以縮成飛不逐,成躍以縮成德壯也,CHANT/TLS 四部叢刊 (Kanripo KR3g0001),"Consuma el salto retrayéndose; consuma el vuelo, sin ser perseguido.",Consumar el salto retrayéndose: la virtud consumada es recia.
73,成,Consumación,4,次四,將成矜敗,將成之矜成道病也,CHANT/TLS 四部叢刊 (Kanripo KR3g0001),"A punto de consumar, mas ufano: derrota.","A punto de consumar, ufano: la vía de la consumación, enferma."
73,成,Consumación,5,次五,中成獨督大,中成獨督能處中也,CHANT/TLS 四部叢刊 (Kanripo KR3g0001),Consumado en el centro; a solas vigila lo grande.,Consumado en el centro: capaz de morar en el centro.
73,成,Consumación,6,次六,成魁瑣以成獲禍,成之魁瑣不以讓也,CHANT/TLS 四部叢刊 (Kanripo KR3g0001),"Consuma como cabecilla, mezquino; al consumar, cosecha la desgracia. [verso oscuro]",Consumar mezquino: por no ceder.
73,成,Consumación,7,次七,成闕補,成闕之補固難承也,CHANT/TLS 四部叢刊 (Kanripo KR3g0001),Consuma el remiendo de la brecha.,El remiendo de la brecha: de veras difícil de sostener.
73,成,Consumación,8,次八,時成不成天降亡貞,時成不成獨失中也,CHANT/TLS 四部叢刊 (Kanripo KR3g0001),"La hora de consumar, sin consumarse; el Cielo hace bajar la ruina: recto.",Hora de consumar sin consumar: a solas pierde el centro.
73,成,Consumación,9,上九,成窮入于敗毀成君子不成,成窮以毀君子以終也,CHANT/TLS 四部叢刊 (Kanripo KR3g0001),"La consumación agotada entra en la ruina, arruina el logro; el noble no consuma.",Consumación agotada en ruina: así el noble llega a su fin.
74,䦯,Cierre,0,首辭,陰陽交跌相闔成一其禍泣萬物,,CHANT/TLS 四部叢刊 (Kanripo KR3g0001),"Yin y yang tropiezan al cruzarse, se cierran haciéndose uno; su desgracia hace llorar a los diez mil seres.",
74,䦯,Cierre,1,初一,圜方杌棿其內窾換,圜方杌棿內相失也,CHANT/TLS 四部叢刊 (Kanripo KR3g0001),"Redondo y cuadrado, tambaleantes, vacilantes; por dentro, huecos que se truecan. [verso oscuro]",Redondo y cuadrado vacilantes: por dentro se pierden uno a otro.
74,䦯,Cierre,2,次二,䦯無間,無間之䦯一其二也,CHANT/TLS 四部叢刊 (Kanripo KR3g0001),"Cerrado, sin resquicio.",El cierre sin resquicio: hace uno de los dos.
74,䦯,Cierre,3,次三,龍襲非其穴光亡于室,龍襲非穴失其常也,CHANT/TLS 四部叢刊 (Kanripo KR3g0001),El dragón se cuela en lo que no es su guarida; la luz se pierde en la alcoba.,El dragón en guarida ajena: pierde su constancia.
74,䦯,Cierre,4,次四,臭肥滅鼻利美貞,滅鼻之貞沒所芳也,CHANT/TLS 四部叢刊 (Kanripo KR3g0001),"Grasa rancia ciega la nariz; propicio, sabroso: recto. [verso oscuro]",La rectitud que ciega la nariz: anega lo que era fragante.
74,䦯,Cierre,5,次五,齧骨折齒滿缶,齧骨折齒大貪利也,CHANT/TLS 四部叢刊 (Kanripo KR3g0001),"Roe el hueso, quiebra el diente; colma la vasija.",Roer el hueso y quebrar el diente: gran codicia de ganancia.
74,䦯,Cierre,6,次六,飲汗吭吭得其膏滑,飲汗吭吭道足嗜也,CHANT/TLS 四部叢刊 (Kanripo KR3g0001),"Bebe sudor, tragando, tragando; obtiene su grasa y su unto.","Beber sudor tragando: la vía, colmada de avidez."
74,䦯,Cierre,7,次七,䦯其差前合後離,䦯其差其合離也,CHANT/TLS 四部叢刊 (Kanripo KR3g0001),"Cierra su discrepancia; unido antes, separado después.",Cerrar la discrepancia: su unión es una separación.
74,䦯,Cierre,8,次八,輔其折廅其缺其人暉且偈,輔折廅缺猶可善也,CHANT/TLS 四部叢刊 (Kanripo KR3g0001),"Entablilla su fractura, colma su mella; el hombre, radiante y recio.",Entablillar la fractura: aún se puede mejorar.
74,䦯,Cierre,9,上九,陰陽啟𠯒其變赤白,陰陽啟𠯒極則反也,CHANT/TLS 四部叢刊 (Kanripo KR3g0001),Yin y yang abren y cierran; su mudanza: rojo y blanco.,"Yin y yang abren y cierran: en el extremo, se invierte."
75,失,Fracaso,0,首辭,陰大作賊陽不能得物陷不測,,CHANT/TLS 四部叢刊 (Kanripo KR3g0001),"El yin hace de bandido en grande, el yang no logra asirlo; los seres se hunden en lo insondable.",
75,失,Fracaso,1,初一,刺虛滅刃,刺虛滅刃深自幾也,CHANT/TLS 四部叢刊 (Kanripo KR3g0001),"Apuñala el vacío, embota el filo.",Apuñalar el vacío: se pone a sí mismo en hondo peligro.
75,失,Fracaso,2,次二,藐德靈徵失,藐德之失不知畏徵也,CHANT/TLS 四部叢刊 (Kanripo KR3g0001),Desdeña la virtud; el signo numinoso se pierde.,Desdeñar la virtud: no sabe temer el presagio.
75,失,Fracaso,3,次三,卒而從而䘏而竦而于其心祖,卒而從而能自改也,CHANT/TLS 四部叢刊 (Kanripo KR3g0001),"Súbito, y siguiendo, y afligido, y sobresaltado, en el ancestro de su corazón. [verso oscuro]",Súbito y sobresaltado: capaz de enmendarse.
75,失,Fracaso,4,次四,信過不食至于側匿,信過不食失正祿也,CHANT/TLS 四部叢刊 (Kanripo KR3g0001),"Confía en la falta, no come; llega a esconderse en un rincón.",Confiar en la falta sin comer: pierde la paga justa.
75,失,Fracaso,5,次五,黃兒以中蕃君子以之洗于愆,黃兒以中過以洗也,CHANT/TLS 四部叢刊 (Kanripo KR3g0001),El niño amarillo por el centro florece; el noble con ello se lava de su tacha.,El niño amarillo por el centro: la tacha se lava.
75,失,Fracaso,6,次六,滿其倉蕪其田食其實不養其根,滿倉蕪田不能脩本也,CHANT/TLS 四部叢刊 (Kanripo KR3g0001),"Colma su granero, deja yermo su campo; come el fruto, no cría la raíz.","Granero lleno, campo yermo: no cultiva la raíz."
75,失,Fracaso,7,次七,疾則藥巫則酌,疾藥巫酌禍可轉也,CHANT/TLS 四部叢刊 (Kanripo KR3g0001),"Enfermo, pues el remedio; el chamán, pues la libación.",Remedio y libación: la desgracia se puede desviar.
75,失,Fracaso,8,次八,雌鳴于辰牝角魚木,雌鳴于辰厥正反也,CHANT/TLS 四部叢刊 (Kanripo KR3g0001),La gallina canta a deshora; la hembra con cuernos; peces en el árbol.,"La gallina que canta a deshora: su rectitud, invertida."
75,失,Fracaso,9,上九,日月之逝改于尸,改于尸尚不遠也,CHANT/TLS 四部叢刊 (Kanripo KR3g0001),El pasar del sol y la luna; lo enmienda ante el cadáver.,Enmendar ante el cadáver: aún no está lejos.
76,劇,Agravamiento,0,首辭,陰窮大泣陽無介儔離之劇,,CHANT/TLS 四部叢刊 (Kanripo KR3g0001),"El yin, acorralado, llora a mares; el yang sin compañero ni par: el rigor de la separación.",
76,劇,Agravamiento,1,初一,骨纍其肉內幽,骨纍其肉賊內行也,CHANT/TLS 四部叢刊 (Kanripo KR3g0001),"El hueso enredado en su carne; por dentro, tiniebla.",El hueso enredado en su carne: la ruina obra por dentro.
76,劇,Agravamiento,2,次二,血出之蝕凶貞,血出之蝕君子內傷也,CHANT/TLS 四部叢刊 (Kanripo KR3g0001),"Brota la sangre, una carcoma; funesto: recto.","La sangre que brota: el noble, herido por dentro."
76,劇,Agravamiento,3,次三,酒作失德鬼睒其室,酒作失德不能將也,CHANT/TLS 四部叢刊 (Kanripo KR3g0001),"El vino hace su obra, la virtud se pierde; el espectro atisba su alcoba.",El vino que hace perder la virtud: no puede seguir adelante.
76,劇,Agravamiento,4,次四,食于劇父母采餕若,食劇以若為順祿也,CHANT/TLS 四部叢刊 (Kanripo KR3g0001),Come en la penuria; padre y madre recogen las sobras. [verso oscuro],Comer en la penuria: lo toma como porción conforme.
76,劇,Agravamiento,5,次五,出野見虛有虎牧豬搴絝與襦,出野見虛無所措足也,CHANT/TLS 四部叢刊 (Kanripo KR3g0001),"Sale al yermo, ve el vacío; hay un tigre pastoreando cerdos; se arremanga calzón y camisa. [verso oscuro]",Salir al yermo y ver el vacío: sin dónde poner el pie.
76,劇,Agravamiento,6,次六,四國滿斯宅,四國滿斯求安宅也,CHANT/TLS 四部叢刊 (Kanripo KR3g0001),Los cuatro reinos colman esta morada.,Los cuatro reinos que colman: busca una morada segura.
76,劇,Agravamiento,7,次七,麃而丰而戴禍顏而,麃而丰而戴禍較也,CHANT/TLS 四部叢刊 (Kanripo KR3g0001),"Recio así, exuberante así; lleva la desgracia en el rostro así. [verso oscuro]",Recio y exuberante: lleva la desgracia a las claras.
76,劇,Agravamiento,8,次八,缾纍于繘貞顇,缾纍于繘厥職迫也,CHANT/TLS 四部叢刊 (Kanripo KR3g0001),El cántaro enredado en la soga; recto: extenuado.,"El cántaro enredado en la soga: su cometido, acuciado."
76,劇,Agravamiento,9,上九,海水群飛蔽于天杭,海水群飛終不可語也,CHANT/TLS 四部叢刊 (Kanripo KR3g0001),"Las aguas del mar vuelan en bandadas, velando la barca del cielo. [verso oscuro]","Las aguas que vuelan en bandadas: al fin, indecible."
77,馴,Conformidad,0,首辭,陰氣大順渾沌無端莫見其根,,CHANT/TLS 四部叢刊 (Kanripo KR3g0001),"El aliento yin, del todo dócil; el caos sin cabo; nadie ve su raíz.",
77,馴,Conformidad,1,初一,黃靈幽貞馴,黃靈幽貞順以正也,CHANT/TLS 四部叢刊 (Kanripo KR3g0001),"Numen amarillo, oculto, recto, dócil.","Numen amarillo, oculto y recto: dócil por la rectitud."
77,馴,Conformidad,2,次二,𡢘其膏女子之勞不靜亡命,𡢘膏之亡不能清淨也,CHANT/TLS 四部叢刊 (Kanripo KR3g0001),"Rica su grasa; la faena de la mujer; sin quietud, pierde la vida. [verso oscuro]",La pérdida de la grasa: no puede ser límpida y quieta.
77,馴,Conformidad,3,次三,牝貞常慈衛其根,牝貞常慈不忘本也,CHANT/TLS 四部叢刊 (Kanripo KR3g0001),"La rectitud de la hembra, siempre tierna; guarda su raíz.",La hembra siempre tierna: no olvida la raíz.
77,馴,Conformidad,4,次四,徇其勞不如五之豪,徇其勞伐善也,CHANT/TLS 四部叢刊 (Kanripo KR3g0001),Pregona su faena; no vale como la excelencia del quinto. [verso oscuro],Pregonar la faena: alardea de su bien.
77,馴,Conformidad,5,次五,靈囊大包其德珍黃,靈囊大包不敢自盛也,CHANT/TLS 四部叢刊 (Kanripo KR3g0001),"El saco numinoso abarca en grande; su virtud, preciado amarillo.",El saco que abarca en grande: no osa vanagloriarse.
77,馴,Conformidad,6,次六,囊失括泄珍器,囊失括臣口溢也,CHANT/TLS 四部叢刊 (Kanripo KR3g0001),El saco pierde su atadura; derrama el vaso precioso.,El saco sin atadura: la boca del ministro se desborda.
77,馴,Conformidad,7,次七,方堅犯順利臣貞,方堅犯順守正節也,CHANT/TLS 四部叢刊 (Kanripo KR3g0001),"Cuadrado y firme, contraría lo dócil; propicio: la rectitud del ministro.",Contrariar lo dócil: guarda la recta mesura.
77,馴,Conformidad,8,次八,馴非其正不保厥命,馴非其正無所統一也,CHANT/TLS 四部叢刊 (Kanripo KR3g0001),"Dócil, mas no a lo recto; no conserva su mandato.",Dócil sin ser recto: nada que lo unifique.
77,馴,Conformidad,9,上九,馴義忘生賴于天貞,馴義忘生受命必也,CHANT/TLS 四部叢刊 (Kanripo KR3g0001),"Dócil a la justicia, olvida la vida; se fía del Cielo: recto.",Dócil a la justicia: acepta el mandato sin falta.
78,將,Al Borde,0,首辭,陰氣濟物乎上陽信將復始之乎下,,CHANT/TLS 四部叢刊 (Kanripo KR3g0001),El aliento yin remata a los seres arriba; la fe del yang está a punto de recomenzar abajo.,
78,將,Al Borde,1,初一,將造邪元厲,將造邪危作主也,CHANT/TLS 四部叢刊 (Kanripo KR3g0001),"A punto de hacer, torcido en el origen: peligro.","A punto de hacer, torcido: el peligro se hace dueño."
78,將,Al Borde,2,次二,將無疵元睟,將無疵易為後也,CHANT/TLS 四部叢刊 (Kanripo KR3g0001),"A punto de ser, sin tacha; radiante en el origen.",A punto de ser sin tacha: fácil para lo que viene después.
78,將,Al Borde,3,次三,鑪鈞否利用止,鑪鈞否化內傷也,CHANT/TLS 四部叢刊 (Kanripo KR3g0001),El horno y el torno del alfarero: no; propicio detenerse. [verso oscuro],El horno y el torno que no: la transformación hiere por dentro.
78,將,Al Borde,4,次四,將飛得羽利以登于天,將飛得羽其輔彊也,CHANT/TLS 四部叢刊 (Kanripo KR3g0001),"A punto de volar, gana sus plumas; propicio subir al Cielo.",A punto de volar con plumas: su sostén es fuerte.
78,將,Al Borde,5,次五,大爵將飛拔其翮毛羽雖眾不得適,大雀拔翮不足賴也,CHANT/TLS 四部叢刊 (Kanripo KR3g0001),"El gran pájaro a punto de volar; le arrancan las plumas remeras; aunque sean muchas, no puede ir.",Al gran pájaro sin remeras: no es de fiar.
78,將,Al Borde,6,次六,日失烈烈君子將衰降,日失烈烈自光大也,CHANT/TLS 四部叢刊 (Kanripo KR3g0001),El sol pierde su fiero ardor; el noble a punto de menguar y descender.,El sol que pierde su ardor: de suyo fue grande en luz.
78,將,Al Borde,7,次七,趹舩跋車其害不遐,趹舩跋車不遠害也,CHANT/TLS 四部叢刊 (Kanripo KR3g0001),"Da una coz a la barca, sacude el carro; su daño no está lejos. [verso oscuro]",Cocear la barca y sacudir el carro: el daño no está lejos.
78,將,Al Borde,8,次八,小子在淵丈人播舩,丈人播舩濟溺世也,CHANT/TLS 四部叢刊 (Kanripo KR3g0001),El pequeño en el abismo; el anciano rema la barca.,El anciano que rema: hace cruzar a la época que se ahoga.
78,將,Al Borde,9,上九,紅蠶緣于枯桑其繭不黃,緣于枯桑蠶功敗也,CHANT/TLS 四部叢刊 (Kanripo KR3g0001),El gusano rojo trepa por la morera seca; su capullo no amarillea.,Trepar por la morera seca: la obra del gusano se malogra.
79,難,Dificultades,0,首辭,陰氣方難水凝地坼陽弱於淵,,CHANT/TLS 四部叢刊 (Kanripo KR3g0001),"El aliento yin en su rigor; el agua se cuaja, la tierra se raja; el yang, débil en el abismo.",
79,難,Dificultades,1,初一,難我冥冥,難我冥冥未見形也,CHANT/TLS 四部叢刊 (Kanripo KR3g0001),"La dificultad sobre mí, oscura, oscura.",La dificultad oscura: su forma aún no se ve.
79,難,Dificultades,2,次二,凍冰瀆狂馬椯木,狂馬椯木妄生也,CHANT/TLS 四部叢刊 (Kanripo KR3g0001),Hielo helado en la acequia; el caballo loco golpea el árbol. [verso oscuro],El caballo loco contra el árbol: crecer sin tino.
79,難,Dificultades,3,次三,中堅剛難于非常,中堅剛終莫傾也,CHANT/TLS 四部叢刊 (Kanripo KR3g0001),Firme y duro en el centro; dificultad en lo extraordinario.,Firme y duro en el centro: al fin nada lo vuelca.
79,難,Dificultades,4,次四,卵破石毈,卵破之毈小人難也,CHANT/TLS 四部叢刊 (Kanripo KR3g0001),"El huevo se rompe, la piedra se malogra.",Huevo roto que no cuaja: la dificultad del hombre pequeño.
79,難,Dificultades,5,次五,難無間雖大不勤,難無間中密塞也,CHANT/TLS 四部叢刊 (Kanripo KR3g0001),"Dificultad sin resquicio; aunque grande, no se afana en vano.","Dificultad sin resquicio: por dentro, densa y tupida."
79,難,Dificultades,6,次六,大車川川上輆于山下觸于川,大車川川上下軔也,CHANT/TLS 四部叢刊 (Kanripo KR3g0001),"El gran carro, pesado, pesado; arriba lo traba el monte, abajo lo golpea el río.",El gran carro pesado: frenado arriba y abajo.
79,難,Dificultades,7,次七,拔石䂦䂦力沒以引,拔石䂦䂦乘時也,CHANT/TLS 四部叢刊 (Kanripo KR3g0001),"Arranca la piedra, forcejeando, forcejeando; la fuerza se agota en el tirón.",Arrancar la piedra forcejeando: aprovecha el momento.
79,難,Dificultades,8,次八,觸石決木維折角,觸石決木非所治也,CHANT/TLS 四部叢刊 (Kanripo KR3g0001),"Embiste la piedra, hiende la madera; sólo se rompe el cuerno.",Embestir la piedra y hender la madera: no es lo que puede dominar.
79,難,Dificultades,9,上九,角解豸終以直其有施,角解豸終以直之也,CHANT/TLS 四部叢刊 (Kanripo KR3g0001),"Se desprende el cuerno de la bestia justiciera; al fin, por la rectitud, hay entrega.","El cuerno que se desprende: al fin, por la rectitud, se endereza."
80,勤,Fatiga,0,首辭,陰凍沍戁創於外微陽邸冥膂力於內,,CHANT/TLS 四部叢刊 (Kanripo KR3g0001),"El yin hiela y congela, se atormenta y llaga por fuera; el yang tenue se aposenta en lo oscuro, guardando su fuerza por dentro.",
80,勤,Fatiga,1,初一,勤謀于心否貞,勤謀否貞中不正也,CHANT/TLS 四部叢刊 (Kanripo KR3g0001),Se afana en tramar en su corazón: no; recto.,Afanarse en tramar: no; el centro no es recto.
80,勤,Fatiga,2,次二,勞有恩勤悾悾君子有中,勞有恩勤有諸情也,CHANT/TLS 四部叢刊 (Kanripo KR3g0001),"En la faena hay bondad; laborioso, sincero, sincero; el noble guarda el centro.",En la faena hay bondad: tiene su verdadero sentir.
80,勤,Fatiga,3,次三,羈角之吾其泣呱呱未得繈扶,羈角之吾不得命也,CHANT/TLS 四部叢刊 (Kanripo KR3g0001),"El niño con moños llora, ¡guá, guá!; aún no logra su faja que lo sostenga. [verso oscuro]",El niño con moños: no logra su mandato.
80,勤,Fatiga,4,次四,勤于力放倍忘食大人有克,勤力忘食大人德也,CHANT/TLS 四部叢刊 (Kanripo KR3g0001),"Se afana con fuerza, se entrega, redobla, olvida comer; el gran hombre prevalece.",Afanarse y olvidar comer: la virtud del gran hombre.
80,勤,Fatiga,5,次五,往蹇蹇禍邇福遠,往之蹇蹇遠乎福也,CHANT/TLS 四部叢刊 (Kanripo KR3g0001),"Va, cojeando, cojeando; la desgracia cerca, la dicha lejos.",Ir cojeando: lejos de la dicha.
80,勤,Fatiga,6,次六,勤有成功幾于天,勤有成功天所來輔也,CHANT/TLS 四部叢刊 (Kanripo KR3g0001),La fatiga tiene su logro; cerca del Cielo.,La fatiga con logro: el Cielo viene a sostenerla.
80,勤,Fatiga,7,次七,勞牽不其鼻于尾弊,勞牽之弊其道逆也,CHANT/TLS 四部叢刊 (Kanripo KR3g0001),"Afanado, arrastra al buey no por el hocico sino por el rabo: extenuado. [verso oscuro]",La extenuación de arrastrar: su vía va al revés.
80,勤,Fatiga,8,次八,勞踖踖心爽蒙柴不卻,勞踖踖躬殉國也,CHANT/TLS 四部叢刊 (Kanripo KR3g0001),"Afanado, presuroso, presuroso; el corazón lúcido; en la maleza, sin recular.",Afanado y presuroso: en persona muere por el reino.
80,勤,Fatiga,9,上九,其勤其勤抱車入淵負舟上山,其勤其勤勞不得也,CHANT/TLS 四部叢刊 (Kanripo KR3g0001),"Su fatiga, su fatiga: abraza el carro y entra en el abismo, carga la barca y sube al monte.","Su fatiga, su fatiga: se afana y nada gana."
81,養,Sustento / Crianza,0,首辭,陰弸于野陽蓲萬物赤之於下,,CHANT/TLS 四部叢刊 (Kanripo KR3g0001),El yin se tensa por el yermo; el yang incuba a los diez mil seres y los enrojece abajo.,
81,養,Sustento / Crianza,1,初一,藏心于淵美厥靈根,藏心于淵神不外也,CHANT/TLS 四部叢刊 (Kanripo KR3g0001),Esconde el corazón en el abismo; hermosea su raíz numinosa.,Esconder el corazón en el abismo: el espíritu no se vuelca afuera.
81,養,Sustento / Crianza,2,次二,墨養邪元函否貞,墨養邪中心敗也,CHANT/TLS 四部叢刊 (Kanripo KR3g0001),"Crianza refrenada, torcida en el origen, encerrada: no; recto. [verso oscuro]","Crianza torcida: el corazón íntimo, arruinado."
81,養,Sustento / Crianza,3,次三,糞以肥丘育厥根荄,糞以肥丘中光大也,CHANT/TLS 四部叢刊 (Kanripo KR3g0001),Estercola para engordar el cerro; cría sus raíces y raicillas.,"Estercolar el cerro: por dentro, luminoso y grande."
81,養,Sustento / Crianza,4,次四,燕食扁扁其志𠑩𠑩利用征賈,燕食扁扁志在賴也,CHANT/TLS 四部叢刊 (Kanripo KR3g0001),"Festeja y se nutre, revoloteando, revoloteando; su anhelo, alto, alto; propicio marchar y comerciar. [verso oscuro]",Festejar revoloteando: su anhelo puesto en la ganancia.
81,養,Sustento / Crianza,5,次五,黃心在腹白骨生肉孚德不復,黃心在腹上得天也,CHANT/TLS 四部叢刊 (Kanripo KR3g0001),Corazón amarillo en el vientre; el hueso blanco engendra carne; la virtud confiada no retorna.,"Corazón amarillo en el vientre: arriba, alcanza el Cielo."
81,養,Sustento / Crianza,6,次六,次次一日三餼祇牛之兆肥不利,次次之餼肥無身也,CHANT/TLS 四部叢刊 (Kanripo KR3g0001),"Por orden, un día tres raciones; el augurio del buey del sacrificio; gordo: adverso. [verso oscuro]","La ración por orden: gordo, mas sin cuerpo propio."
81,養,Sustento / Crianza,7,次七,小子牽象婦人徽猛君子養病,牽象養病不相因也,CHANT/TLS 四部叢刊 (Kanripo KR3g0001),El pequeño lleva al elefante; la mujer amansa lo fiero; el noble cría su dolencia. [verso oscuro],Llevar el elefante y criar la dolencia: no dependen uno de otro.
81,養,Sustento / Crianza,8,次八,鯁不脫毒疾發鬼上壟,鯁疾之發歸于墳也,CHANT/TLS 四部叢刊 (Kanripo KR3g0001),La espina no se desprende; el mal venenoso estalla; el espectro sube al túmulo.,El mal de la espina que estalla: vuelve a la tumba.
81,養,Sustento / Crianza,9,上九,星如歲如復繼之初,星如歲如終始養也,CHANT/TLS 四部叢刊 (Kanripo KR3g0001),"Como el astro, como el año; de nuevo enlaza con el comienzo.","Como el astro, como el año: fin y comienzo se nutren uno a otro."
81,養,Sustento / Crianza,10,踦贊,凍登赤天晏入玄泉,凍登赤天陰作首也,CHANT/TLS 四部叢刊 (Kanripo KR3g0001),"Helado, sube al cielo rojo; sereno, entra en la fuente oscura.","Helado, subiendo al cielo rojo: el yin se hace cabeza."
81,養,Sustento / Crianza,11,嬴贊,一虛一嬴踦奇所生,虛嬴踦踦禪無已也,CHANT/TLS 四部叢刊 (Kanripo KR3g0001),"Uno vacío, uno lleno; del resto impar nace lo que nace.","Vacío y lleno, resto sobre resto: la cesión sucesiva sin fin."
